date,technical__ema_20,technical__ema_50,technical__macd,technical__macd_signal,technical__boll_z,technical__rsi_14,momentum__price_ret_1d,momentum__price_ret_3d,momentum__price_ret_5d,momentum__price_ret_10d,momentum__price_ret_20d,momentum__price_mom_5,momentum__price_mom_10,momentum__price_mom_20,momentum__momentum_ratio_10_30,momentum__pct_from_120d_high,momentum_enhanced__ma5_ratio,momentum_enhanced__ma20_ratio,momentum_enhanced__ma60_ratio,momentum_enhanced__mom_accel,momentum_enhanced__mom_quality,volatility__vol_5d,volatility__price_vol_10,volatility__price_vol_20,volatility__downside_vol_10d,volatility__vol_ratio_short_long,atr__atr_14,atr__atr_pct_14,turnover__volume_mean_20,turnover__volume_spike,turnover__turnover_z_20,turnover__turnover_trend_20,turnover__volume_ratio_5_20,ownership__fii_change_5d,ownership__dii_change_5d,ownership__ownership_spread,ownership__ownership_trend_20d,ownership__fii_to_dii_ratio,delivery__deliv_ratio,delivery__deliv_ratio_mean_5,delivery__deliv_ratio_mean_10,delivery__deliv_ratio_mean_20,delivery__deliv_ratio_change_10,delivery__deliv_value,delivery__deliv_value_mean_20,delivery__deliv_value_spike,delivery__deliv_vs_price_mom_10,delivery__deliv_vs_price_corr_10,delivery__delivery_z,delivery__delivery_spike,delivery__delivery_trend_5d,delivery__delivery_ratio_5_20,fundamental__pe_ratio,fundamental__pb_ratio,fundamental__ps_ratio,fundamental__ep_ratio,fundamental__pe_sector_rel,fundamental__pe_sector_z,fundamental__pe_sector_rank,fundamental__value_composite,fundamental__roe,fundamental__roa,fundamental__gross_margin,fundamental__operating_margin,fundamental__net_margin,fundamental__roe_sector_z,fundamental__roe_sector_rank,fundamental__profitability_composite,fundamental__roe_trend_4q,fundamental__debt_to_equity,fundamental__current_ratio,fundamental__quick_ratio,fundamental__cash_to_debt,fundamental__financial_strength,fundamental__accruals,fundamental__cf_to_ni,fundamental__accruals_sector_z,fundamental__quality_score,sector_relative__sector_mom_10_z,sector_relative__sector_vol_20_z,sector_relative__sector_ret_10d_z,sector_relative__sector_ret_z,sector_relative__sector_rank_pct,sector_relative__sector_rel_close,mean_reversion__dist_from_200ma,mean_reversion__dist_from_50ma,mean_reversion__dist_from_200ma_pct,mean_reversion__price_vs_ma_ratio_50,mean_reversion__price_vs_ma_ratio_200,mean_reversion__rsi_extreme_low,mean_reversion__rsi_extreme_high,mean_reversion__rsi_distance_from_50,mean_reversion__bollinger_position,mean_reversion__bollinger_squeeze,mean_reversion__oversold_signal,mean_reversion_enhanced__dist_to_max_20d,mean_reversion_enhanced__dist_to_min_20d,mean_reversion_enhanced__range_position_20d,mean_reversion_enhanced__recent_extreme_ratio,volume_enhanced__pv_corr_10d,volume_enhanced__pv_corr_20d,volume_enhanced__vol_trend,volume_enhanced__vol_spike,ranking__ret_20d_rank,ranking__vol_20_rank,ranking__volume_rank,orthogonal__idio_ret_10d,orthogonal__idio_vol_20
2020-01-01,724,512,349,515,46,104,59,62,59,104,63,28,37,33,399,377,92,98,207,182,19,112,412,303,366,183,331,402,734,62,72,79,195,0,0,0,0,0,136,418,387,515,306,145,707,70,291,120,0,0,0,0,83,0,0,0,0,0,0,0,0,0,0,0,0,0,0,0,0,0,0,0,0,0,0,0,0,0,181,402,71,105,94,407,644,153,470,74,405,1,2,109,21,551,0,100,73,70,108,304,529,203,41,188,244,524,285,683
2020-01-31,646,539,376,539,45,103,60,57,69,139,99,15,59,33,347,381,69,96,208,189,36,163,407,412,343,248,383,339,726,65,94,89,242,0,0,0,0,0,172,397,431,506,300,137,746,89,284,122,0,0,0,0,75,0,0,0,0,0,0,0,0,0,0,0,0,0,0,0,0,0,0,0,0,0,0,0,0,0,171,554,72,94,95,501,607,139,497,61,438,0,0,106,17,634,0,104,115,55,90,250,571,131,51,217,203,531,274,720
2020-03-01,635,629,392,569,50,103,47,37,73,134,91,24,54,37,338,398,80,80,220,198,25,135,447,402,391,200,406,382,892,59,109,106,209,0,0,0,0,0,152,385,433,522,269,137,772,91,270,99,0,0,0,0,100,0,0,0,0,0,0,0,0,0,0,0,0,0,0,0,0,0,0,0,0,0,0,0,0,0,177,524,61,113,108,521,572,169,509,60,401,1,3,110,22,596,0,87,124,66,69,238,605,170,38,194,207,500,307,738
2020-03-31,659,575,370,547,77,111,46,50,50,158,86,33,73,18,348,390,115,116,195,236,53,185,500,409,360,233,349,341,856,95,95,113,187,0,0,0,0,0,166,417,482,522,303,107,761,106,332,111,0,0,0,0,74,0,0,0,0,0,0,0,0,0,0,0,0,0,0,0,0,0,0,0,0,0,0,0,0,0,198,548,90,137,80,536,657,149,542,57,376,2,1,106,27,625,0,96,96,71,73,228,643,142,55,279,205,537,281,746
2020-04-30,757,608,380,590,74,96,48,44,60,142,93,29,58,34,333,343,109,98,225,248,31,137,498,376,405,272,448,356,745,106,107,83,184,0,0,0,0,0,195,425,558,549,344,146,826,75,297,120,0,0,0,0,68,0,0,0,0,0,0,0,0,0,0,0,0,0,0,0,0,0,0,0,0,0,0,0,0,0,210,526,89,209,79,530,647,122,572,72,330,0,1,76,35,630,1,100,104,59,69,276,581,175,38,221,301,550,369,679
2020-05-30,777,584,375,620,89,121,38,31,72,143,90,23,60,24,321,413,109,94,191,293,43,114,431,387,385,206,443,413,835,76,90,83,176,0,0,0,0,0,155,402,455,528,298,184,716,87,341,116,0,0,0,0,104,0,0,0,0,0,0,0,0,0,0,0,0,0,0,0,0,0,0,0,0,0,0,0,0,0,213,475,95,200,103,551,625,147,479,49,393,1,0,107,20,572,0,117,107,67,76,199,616,162,44,248,273,594,346,687
2020-06-29,678,508,353,586,69,106,61,37,87,160,72,38,71,23,217,449,106,122,197,279,47,119,398,353,363,198,456,408,863,88,114,76,208,0,0,0,0,0,221,440,450,505,248,146,720,90,289,99,0,0,0,0,86,0,0,0,0,0,0,0,0,0,0,0,0,0,0,0,0,0,0,0,0,0,0,0,0,0,180,472,88,203,90,492,567,189,466,69,401,4,0,112,25,546,0,135,145,76,54,222,582,146,35,225,245,569,380,668
2020-07-29,652,556,417,614,67,142,47,28,97,118,84,42,45,33,241,435,137,96,193,322,54,137,408,327,353,215,487,364,883,95,106,83,178,0,0,0,0,0,195,406,543,484,329,152,657,74,309,120,0,0,0,0,79,0,0,0,0,0,0,0,0,0,0,0,0,0,0,0,0,0,0,0,0,0,0,0,0,0,183,455,85,214,108,473,516,175,446,97,327,5,0,124,24,582,0,132,156,106,71,210,605,168,34,247,249,525,361,754
2020-08-28,744,605,361,567,64,134,37,34,84,125,95,28,52,31,256,406,102,79,192,245,44,119,370,282,342,175,484,365,851,98,60,79,183,0,0,0,0,0,163,403,452,510,347,154,712,82,316,136,0,0,0,0,67,0,0,0,0,0,0,0,0,0,0,0,0,0,0,0,0,0,0,0,0,0,0,0,0,0,209,474,105,187,87,518,493,173,529,124,386,1,0,139,27,581,0,128,135,87,73,249,623,162,16,251,229,485,345,722
2020-09-27,738,659,369,584,57,107,49,23,93,137,81,31,61,35,258,427,119,76,208,249,70,126,390,301,370,212,444,310,869,84,95,115,185,0,0,0,0,0,177,413,455,510,307,199,663,66,311,116,0,0,0,0,53,0,0,0,0,0,0,0,0,0,0,0,0,0,0,0,0,0,0,0,0,0,0,0,0,0,220,457,107,195,79,487,544,195,481,119,418,0,0,111,26,592,0,147,128,75,79,216,691,161,34,225,236,494,321,726
2020-10-27,725,646,320,517,54,115,36,29,93,140,82,32,54,31,285,417,109,108,193,259,47,123,381,351,308,210,458,336,783,57,86,98,218,0,0,0,0,0,127,418,529,538,303,188,727,90,292,101,0,0,0,0,58,0,0,0,0,0,0,0,0,0,0,0,0,0,0,0,0,0,0,0,0,0,0,0,0,0,224,475,87,160,86,517,584,230,501,88,344,0,0,103,19,628,0,134,121,73,61,231,619,133,32,239,229,573,323,656
2020-11-26,726,688,369,573,58,128,52,23,59,92,92,17,35,36,296,451,110,101,203,253,65,118,317,316,357,181,500,381,869,54,77,63,213,0,0,0,0,0,147,439,423,565,332,145,749,61,296,111,0,0,0,0,80,0,0,0,0,0,0,0,0,0,0,0,0,0,0,0,0,0,0,0,0,0,0,0,0,0,182,375,78,170,99,488,516,235,608,92,385,0,0,92,17,605,0,157,115,102,43,238,571,146,26,274,233,571,299,641
2020-12-26,827,705,380,561,87,85,28,37,56,111,86,18,37,33,260,493,125,73,263,245,63,116,331,385,359,193,568,354,829,80,50,43,214,0,0,0,0,0,163,462,455,617,308,169,817,74,270,109,0,0,0,0,80,0,0,0,0,0,0,0,0,0,0,0,0,0,0,0,0,0,0,0,0,0,0,0,0,0,228,398,92,188,97,493,553,243,556,85,387,0,0,96,24,623,1,123,110,69,71,213,564,135,27,314,242,653,287,707
2021-01-25,812,650,422,558,70,110,24,37,60,109,98,21,43,38,253,454,119,128,251,232,51,127,403,435,317,202,574,366,931,61,75,45,164,0,0,0,0,0,135,447,480,634,314,185,752,61,309,118,0,0,0,0,83,0,0,0,0,0,0,0,0,0,0,0,0,0,0,0,0,0,0,0,0,0,0,0,0,0,224,345,99,178,112,596,566,226,536,83,342,0,0,106,24,604,2,115,110,78,67,272,518,171,39,310,198,705,337,697
2021-02-24,815,536,411,508,67,152,68,29,56,133,73,17,57,34,255,437,98,95,251,229,32,123,365,371,312,165,549,396,871,77,59,44,188,0,0,0,0,0,138,389,450,567,316,180,812,49,292,118,0,0,0,0,87,0,0,0,0,0,0,0,0,0,0,0,0,0,0,0,0,0,0,0,0,0,0,0,0,0,232,388,78,161,103,513,496,182,501,146,426,0,1,113,20,612,0,125,95,62,84,204,536,162,29,264,217,660,311,649
2021-03-26,800,572,350,539,65,146,57,16,43,117,73,25,45,27,222,364,93,95,219,222,53,134,339,405,313,143,552,334,804,92,57,45,188,0,0,0,0,0,160,384,448,629,336,174,796,66,287,129,0,0,0,0,57,0,0,0,0,0,0,0,0,0,0,0,0,0,0,0,0,0,0,0,0,0,0,0,0,0,192,399,85,167,89,624,589,147,498,133,389,0,0,150,16,605,0,157,113,50,78,237,536,146,22,252,202,622,329,708
2021-04-25,751,572,336,495,50,115,61,23,57,127,71,16,49,33,235,392,89,75,265,213,59,102,304,339,263,197,560,366,888,63,68,42,250,0,0,0,0,0,135,374,431,556,347,136,762,36,260,123,0,0,0,0,62,0,0,0,0,0,0,0,0,0,0,0,0,0,0,0,0,0,0,0,0,0,0,0,0,0,241,348,91,148,90,664,629,190,478,73,278,0,0,110,18,629,0,193,101,59,71,220,534,115,23,248,191,607,316,678
2021-05-25,760,565,331,507,55,137,109,26,51,125,114,16,55,33,224,380,102,101,258,225,64,95,346,435,301,157,471,382,854,73,66,46,222,0,0,0,0,0,142,363,435,608,384,144,756,49,227,99,0,0,0,0,73,0,0,0,0,0,0,0,0,0,0,0,0,0,0,0,0,0,0,0,0,0,0,0,0,0,236,391,79,157,74,662,544,186,502,122,381,0,1,104,18,591,1,159,145,83,66,211,559,174,23,314,171,590,321,646
2021-06-24,704,651,362,498,65,119,118,39,41,141,101,18,63,32,181,400,101,114,253,232,65,117,311,416,294,174,464,406,839,52,57,41,197,0,0,0,0,0,145,369,423,551,350,154,744,51,270,113,0,0,0,0,62,0,0,0,0,0,0,0,0,0,0,0,0,0,0,0,0,0,0,0,0,0,0,0,0,0,244,367,95,115,75,719,618,149,514,131,287,0,0,109,28,651,0,190,147,72,77,237,552,135,27,233,196,584,305,673
2021-07-24,778,744,305,501,74,131,92,28,43,133,93,12,53,36,212,440,98,82,289,239,56,113,316,447,276,179,484,372,911,53,84,33,179,0,0,0,0,0,134,350,510,566,378,139,732,52,284,113,0,0,0,0,60,0,0,0,0,0,0,0,0,0,0,0,0,0,0,0,0,0,0,0,0,0,0,0,0,0,266,417,104,144,60,725,535,195,547,119,404,0,0,123,25,599,0,166,142,74,74,238,548,172,36,288,211,603,294,641
2021-08-23,838,768,335,537,78,140,111,23,68,149,113,23,57,32,242,459,117,84,302,263,72,160,371,408,297,198,522,382,916,82,76,40,209,0,0,0,0,0,166,448,536,624,382,141,748,59,318,125,0,0,0,0,85,0,0,0,0,0,0,0,0,0,0,0,0,0,0,0,0,0,0,0,0,0,0,0,0,0,236,368,110,133,93,646,541,205,554,141,376,0,1,129,29,651,2,137,129,75,81,235,551,146,39,287,207,588,337,698
2021-09-22,852,905,296,497,95,146,96,35,59,140,84,25,51,24,233,440,96,125,280,249,57,125,342,365,297,184,513,343,909,95,80,41,181,0,0,0,0,0,169,395,508,628,381,146,761,63,289,114,0,0,0,0,73,0,0,0,0,0,0,0,0,0,0,0,0,0,0,0,0,0,0,0,0,0,0,0,0,0,200,396,83,159,81,721,613,155,549,138,330,0,0,149,25,631,0,126,144,82,94,238,500,152,45,260,256,605,328,728
2021-10-22,822,885,345,466,49,125,90,18,70,148,96,35,52,39,238,462,134,127,278,246,32,92,357,404,264,178,579,350,855,69,67,34,172,0,0,0,0,0,172,388,551,609,390,138,787,56,271,119,0,0,0,0,78,0,0,0,0,0,0,0,0,0,0,0,0,0,0,0,0,0,0,0,0,0,0,0,0,0,185,424,83,121,81,779,628,166,569,163,334,0,0,158,28,589,0,127,171,103,87,268,508,154,22,279,255,550,374,756
2021-11-21,907,843,354,476,52,121,88,18,63,133,108,32,36,39,284,513,124,117,274,215,46,124,369,441,271,187,552,407,852,56,49,38,221,0,0,0,0,0,155,387,496,589,452,183,781,63,292,129,0,0,0,0,73,0,0,0,0,0,0,0,0,0,0,0,0,0,0,0,0,0,0,0,0,0,0,0,0,0,171,407,78,143,74,844,611,178,626,103,383,0,1,150,29,586,0,134,169,101,90,237,552,150,15,296,234,508,368,669
2021-12-21,975,822,324,546,52,133,82,16,47,119,96,28,54,43,258,460,146,146,259,240,37,112,350,457,292,187,541,404,872,70,72,38,162,0,0,0,0,0,156,375,510,612,411,155,802,58,241,124,0,0,0,0,77,0,0,0,0,0,0,0,0,0,0,0,0,0,0,0,0,0,0,0,0,0,0,0,0,0,156,391,78,122,94,840,621,176,615,154,358,0,1,148,20,614,2,115,120,87,81,254,570,185,28,274,256,501,342,699
2022-01-20,991,775,341,493,57,89,84,31,43,93,96,20,46,30,263,472,127,127,265,240,30,97,329,383,313,195,564,423,871,40,56,35,166,0,0,0,0,0,180,361,476,526,410,178,812,65,266,105,0,0,0,0,91,0,0,0,0,0,0,0,0,0,0,0,0,0,0,0,0,0,0,0,0,0,0,0,0,0,158,421,56,164,74,872,516,153,590,171,374,1,1,119,14,565,0,171,152,73,85,239,558,194,23,295,262,545,323,617
2022-02-19,961,846,318,549,62,95,69,23,62,87,83,12,35,35,233,561,113,137,291,254,32,107,341,373,326,155,549,411,959,23,72,30,147,0,0,0,0,0,162,343,466,627,382,164,806,49,231,110,0,0,0,0,77,0,0,0,0,0,0,0,0,0,0,0,0,0,0,0,0,0,0,0,0,0,0,0,0,0,185,415,89,166,84,839,513,169,596,128,364,0,0,100,18,594,0,159,120,78,67,274,503,194,21,328,251,461,324,653
2022-03-21,943,819,284,510,68,82,72,28,49,94,103,17,46,31,230,508,138,115,312,272,30,106,278,381,354,170,618,444,884,41,82,35,183,0,0,0,0,0,172,400,472,594,400,143,772,94,243,91,0,0,0,0,90,0,0,0,0,0,0,0,0,0,0,0,0,0,0,0,0,0,0,0,0,0,0,0,0,0,180,468,87,153,99,835,546,164,587,166,331,1,0,135,36,587,0,150,141,80,102,302,565,228,30,284,256,511,295,658
2022-04-20,889,818,324,459,74,95,84,32,68,114,96,22,40,29,247,518,110,116,286,237,13,89,312,452,346,212,601,480,891,53,84,41,149,0,0,0,0,0,189,372,522,620,405,160,792,77,276,102,0,0,0,0,79,0,0,0,0,0,0,0,0,0,0,0,0,0,0,0,0,0,0,0,0,0,0,0,0,0,180,452,66,156,85,801,546,179,621,150,320,0,0,134,31,618,0,149,170,100,67,335,558,220,37,279,255,512,318,694
2022-05-20,806,786,308,510,71,92,68,37,64,122,118,25,39,38,212,527,116,123,306,217,9,104,332,459,300,195,538,512,891,32,93,48,180,0,0,0,0,0,196,358,512,577,393,156,755,93,269,84,0,0,0,0,95,0,0,0,0,0,0,0,0,0,0,0,0,0,0,0,0,0,0,0,0,0,0,0,0,0,235,382,77,136,83,806,553,179,560,114,360,0,0,136,29,595,0,124,145,68,84,309,543,191,30,298,236,515,296,671
2022-06-19,908,727,314,528,78,113,69,36,62,109,115,28,34,49,234,465,138,123,282,230,12,91,308,455,309,211,608,497,1009,44,76,47,164,0,0,0,0,0,171,392,517,596,384,162,713,81,255,95,0,0,0,0,92,0,0,0,0,0,0,0,0,0,0,0,0,0,0,0,0,0,0,0,0,0,0,0,0,0,201,397,79,126,82,957,576,170,558,124,336,0,0,100,13,561,1,122,149,95,85,373,569,218,24,328,261,539,313,661
2022-07-19,890,840,291,530,81,120,61,28,56,121,117,27,57,29,236,475,104,109,294,234,15,95,294,494,313,168,556,484,1009,29,59,43,179,0,0,0,0,0,198,336,521,627,364,159,730,40,250,81,0,0,0,0,60,0,0,0,0,0,0,0,0,0,0,0,0,0,0,0,0,0,0,0,0,0,0,0,0,0,225,412,83,125,81,914,571,183,606,128,363,0,0,139,41,554,0,86,165,76,97,335,539,196,31,319,253,514,296,662
2022-08-18,954,868,327,542,90,92,63,36,43,110,118,21,58,55,253,472,142,102,267,223,23,132,303,470,374,167,595,469,1107,28,69,48,221,0,0,0,0,0,179,340,536,646,371,164,750,55,227,88,0,0,0,0,66,0,0,0,0,0,0,0,0,0,0,0,0,0,0,0,0,0,0,0,0,0,0,0,0,0,236,471,86,143,82,879,470,180,611,142,411,0,4,122,37,545,0,107,200,84,52,340,513,165,32,324,238,492,318,689
2022-09-17,986,811,332,592,72,98,93,21,60,129,119,26,48,45,289,448,136,93,308,240,17,117,318,492,353,201,618,516,1075,41,64,73,202,0,0,0,0,0,215,346,544,677,341,163,713,72,239,89,0,0,0,0,70,0,0,0,0,0,0,0,0,0,0,0,0,0,0,0,0,0,0,0,0,0,0,0,0,0,281,500,91,153,70,964,458,203,683,100,366,0,2,87,17,605,0,140,197,99,110,329,583,181,25,270,253,529,305,683
2022-10-17,907,882,336,561,72,97,78,42,65,150,117,29,54,49,255,456,132,90,274,255,25,125,369,517,402,240,610,511,1120,43,66,74,181,0,0,0,0,0,206,386,562,731,383,168,833,61,252,88,0,0,0,0,74,0,0,0,0,0,0,0,0,0,0,0,0,0,0,0,0,0,0,0,0,0,0,0,0,0,286,533,115,158,105,877,481,190,705,119,385,0,0,81,21,559,0,125,206,86,68,300,563,204,25,319,262,571,337,735
2022-11-16,926,883,350,591,69,86,65,42,51,142,116,16,62,36,263,408,127,122,293,232,21,123,389,442,436,212,627,478,1062,44,40,73,232,0,0,0,0,0,169,413,577,713,347,157,797,54,230,108,0,0,0,0,73,0,0,0,0,0,0,0,0,0,0,0,0,0,0,0,0,0,0,0,0,0,0,0,0,0,273,520,104,147,88,858,586,173,691,134,335,0,1,89,26,592,0,123,223,93,81,278,572,171,15,319,284,582,314,733
2022-12-16,941,842,343,605,54,109,47,24,50,128,122,19,67,37,246,469,116,104,317,236,35,134,364,434,419,236,552,505,1020,34,37,60,196,0,0,0,0,0,171,396,560,722,371,153,841,44,229,91,0,0,0,0,58,0,0,0,0,0,0,0,0,0,0,0,0,0,0,0,0,0,0,0,0,0,0,0,0,0,210,513,107,134,85,889,476,146,671,177,419,0,0,80,15,576,0,110,191,80,64,341,538,149,11,329,282,550,342,738
2023-01-15,964,794,294,584,54,85,69,27,50,171,113,27,60,38,230,476,149,111,288,257,30,137,384,491,411,207,556,499,1061,39,41,50,185,0,0,0,0,0,177,386,542,761,361,157,844,37,229,96,0,0,0,0,76,0,0,0,0,0,0,0,0,0,0,0,0,0,0,0,0,0,0,0,0,0,0,0,0,0,227,543,71,140,110,920,535,197,690,103,287,0,0,116,19,573,1,100,179,81,51,337,581,181,24,276,280,549,307,790
2023-02-14,979,842,301,550,70,82,66,24,56,132,109,18,52,36,174,505,138,114,301,231,22,119,349,457,461,189,545,483,992,25,37,52,207,0,0,0,0,0,176,384,581,701,377,156,755,62,238,93,0,0,0,0,76,0,0,0,0,0,0,0,0,0,0,0,0,0,0,0,0,0,0,0,0,0,0,0,0,0,246,508,91,133,120,864,445,146,670,140,357,0,1,106,25,610,0,105,188,65,38,294,608,118,28,262,333,539,345,825
2023-03-16,926,764,287,577,70,94,71,55,69,114,95,31,40,32,180,589,119,118,298,183,27,119,331,422,436,215,581,513,969,41,45,64,169,0,0,0,0,0,186,412,536,683,411,172,785,77,257,98,0,0,0,0,76,0,0,0,0,0,0,0,0,0,0,0,0,0,0,0,0,0,0,0,0,0,0,0,0,0,223,485,97,159,121,925,498,160,645,169,258,0,0,96,17,610,1,92,233,59,45,316,555,194,17,285,286,495,308,776
2023-04-15,980,700,288,543,79,81,65,33,70,127,133,35,57,50,204,532,114,104,299,236,20,103,318,469,431,240,540,482,973,29,53,68,201,0,0,0,0,0,226,414,550,675,464,145,825,79,244,119,0,0,0,0,104,0,0,0,0,0,0,0,0,0,0,0,0,0,0,0,0,0,0,0,0,0,0,0,0,0,213,506,93,151,100,932,471,148,664,165,344,1,0,117,19,600,1,80,221,75,41,267,568,156,17,274,320,502,315,735
2023-05-15,952,765,238,548,66,78,75,47,92,141,121,32,57,38,255,580,108,113,294,270,26,156,351,496,416,254,590,494,1039,33,56,69,168,0,0,0,0,0,216,394,584,691,463,170,849,83,260,90,0,0,0,0,102,0,0,0,0,0,0,0,0,0,0,0,0,0,0,0,0,0,0,0,0,0,0,0,0,0,228,520,80,166,102,908,453,186,670,142,392,2,0,120,21,628,4,112,193,64,32,287,525,206,24,277,300,489,324,733
2023-06-14,997,719,231,519,67,90,73,41,80,130,83,39,47,40,244,546,118,104,303,263,17,123,345,442,399,241,592,486,1022,23,59,58,203,0,0,0,0,0,250,364,561,690,447,156,876,81,246,126,0,0,0,0,87,0,0,0,0,0,0,0,0,0,0,0,0,0,0,0,0,0,0,0,0,0,0,0,0,0,208,527,88,159,122,917,497,196,700,135,356,0,1,111,24,607,2,105,186,58,45,278,527,140,24,277,313,521,310,737
2023-07-14,953,798,219,536,68,97,66,37,53,129,103,30,48,34,252,537,112,110,302,273,31,135,305,520,386,260,555,507,1069,34,47,77,189,0,0,0,0,0,243,425,635,702,386,142,914,87,260,122,0,0,0,0,93,0,0,0,0,0,0,0,0,0,0,0,0,0,0,0,0,0,0,0,0,0,0,0,0,0,194,525,65,148,103,894,506,199,673,141,310,1,0,104,29,642,1,105,181,51,35,295,558,170,19,295,344,490,290,707
2023-08-13,901,890,236,553,96,94,67,34,75,115,124,28,49,33,269,506,126,92,326,248,28,147,339,496,455,276,551,508,1068,22,46,67,168,0,0,0,0,0,261,424,577,693,363,192,874,71,280,128,0,0,0,0,85,0,0,0,0,0,0,0,0,0,0,0,0,0,0,0,0,0,0,0,0,0,0,0,0,0,209,469,81,139,110,907,560,147,634,171,318,0,0,124,27,603,0,117,197,47,37,278,542,188,21,276,292,491,272,640
2023-09-12,866,860,262,529,84,92,66,36,63,125,113,29,53,32,306,502,109,111,309,242,21,151,281,456,437,245,587,470,980,29,63,68,191,0,0,0,0,0,232,412,615,711,387,167,863,69,308,124,0,0,0,0,87,0,0,0,0,0,0,0,0,0,0,0,0,0,0,0,0,0,0,0,0,0,0,0,0,0,208,437,96,183,107,1013,547,182,622,140,258,0,1,116,38,582,0,135,174,62,46,263,598,167,25,279,307,505,322,627
2023-10-12,781,872,242,542,71,112,68,48,70,123,88,33,50,33,270,470,111,125,293,267,27,120,314,487,364,228,563,494,1011,37,51,67,184,0,0,0,0,0,233,443,612,702,405,167,830,77,302,120,0,0,0,0,108,0,0,0,0,0,0,0,0,0,0,0,0,0,0,0,0,0,0,0,0,0,0,0,0,0,213,470,91,208,96,1002,540,153,640,155,360,0,0,114,35,559,1,120,190,49,52,320,534,173,28,273,293,494,308,654
2023-11-11,926,953,200,532,57,114,61,42,69,134,84,32,50,43,293,567,124,138,333,281,24,150,381,498,433,252,611,473,1012,26,64,58,203,0,0,0,0,0,210,416,639,669,432,210,820,73,278,111,0,0,0,0,137,0,0,0,0,0,0,0,0,0,0,0,0,0,0,0,0,0,0,0,0,0,0,0,0,0,206,474,86,162,129,1089,492,243,637,82,342,0,1,138,36,578,7,113,190,61,50,296,521,151,21,257,317,496,285,652
2023-12-11,935,928,213,555,68,97,59,35,71,131,111,24,60,37,236,565,93,139,359,244,27,195,385,509,409,251,596,462,954,34,56,74,180,0,0,0,0,0,208,423,626,771,407,148,862,85,322,114,0,0,0,0,49,0,0,6,0,0,1,0,27,0,0,0,0,0,9,0,0,0,0,0,0,0,0,0,0,0,205,489,88,179,139,1064,513,167,753,158,361,1,1,126,10,664,3,145,189,58,56,334,560,147,25,286,306,476,328,691
2024-01-10,967,995,191,536,66,75,63,31,57,123,97,26,41,41,232,527,94,131,352,250,25,152,408,540,357,248,556,458,970,23,40,67,153,0,0,0,0,0,209,397,617,708,423,173,961,82,304,120,0,0,0,0,127,0,0,26,0,0,9,0,32,0,0,0,0,0,15,0,1,0,0,0,0,0,0,0,0,0,203,484,85,149,106,1061,413,164,626,148,402,0,1,117,24,597,0,139,195,55,39,253,520,155,17,280,294,466,330,719
2024-02-09,978,926,219,529,66,56,51,23,67,151,103,28,44,41,228,528,113,115,370,213,21,121,380,461,361,257,597,477,1010,33,46,70,155,0,0,0,0,0,194,385,586,747,448,182,880,88,311,143,0,0,0,0,93,0,0,22,0,0,3,0,41,0,0,0,0,0,19,0,4,0,0,0,0,0,0,0,0,0,217,457,81,149,110,1086,462,200,641,111,427,0,0,134,22,573,1,97,177,55,37,289,560,129,26,319,314,495,329,660
2024-03-10,1057,1025,211,589,77,84,67,25,71,152,101,34,54,32,246,536,148,123,381,218,31,148,410,504,365,244,567,486,1001,38,56,72,181,0,0,0,0,0,216,401,553,773,412,194,896,92,326,140,0,0,0,0,93,0,0,13,0,0,6,0,42,0,0,0,0,0,21,0,4,0,0,0,0,0,0,0,0,0,208,457,85,181,110,1097,450,176,605,148,438,0,1,112,33,607,3,142,159,61,46,258,603,154,19,313,310,473,323,718
2024-04-09,1027,982,220,550,79,103,58,28,92,123,68,23,52,35,259,551,139,128,356,209,19,134,385,537,361,235,562,427,1054,38,52,84,187,0,0,0,0,0,224,382,554,696,405,202,902,85,325,134,0,0,0,0,100,0,0,17,0,0,9,0,42,0,0,0,0,0,23,0,3,0,0,0,0,0,0,0,0,0,181,458,88,156,109,1102,448,175,623,142,453,0,0,100,20,561,1,147,160,64,52,273,529,139,14,270,314,463,350,671
2024-05-09,1055,894,229,574,68,108,56,34,71,143,82,24,48,42,291,501,118,126,405,195,24,127,384,547,382,231,606,425,1026,28,54,79,181,0,0,0,0,0,235,361,560,707,427,192,921,74,300,136,0,0,0,0,145,0,0,30,0,0,7,0,37,0,0,0,0,0,15,0,1,0,0,0,0,0,0,0,0,0,178,457,67,142,132,1061,547,161,661,134,348,0,1,139,27,601,0,138,149,66,51,334,583,149,22,305,305,481,340,649
2024-06-08,1031,975,205,579,81,110,66,22,76,155,89,26,46,46,289,521,124,130,399,201,25,146,419,531,349,233,589,455,991,21,53,81,188,0,0,0,0,0,226,370,574,642,412,208,803,72,349,126,0,0,0,0,188,0,0,31,0,0,11,0,22,0,0,0,0,0,10,0,2,0,0,0,0,0,0,0,0,0,183,415,63,167,129,1085,508,172,628,151,436,1,1,148,29,582,0,151,151,63,51,279,589,141,19,274,300,478,300,658
2024-07-08,1015,968,203,608,67,84,68,33,92,151,101,30,51,52,289,520,130,140,386,181,34,150,408,580,340,254,630,464,995,23,47,92,190,0,0,0,0,0,215,382,596,730,415,190,885,54,336,144,0,0,0,0,119,0,0,26,0,0,14,0,22,0,0,0,0,0,11,0,6,0,0,0,0,0,0,0,0,0,219,467,87,164,132,1095,512,185,657,119,432,0,0,153,36,613,0,123,148,65,67,332,603,143,16,273,295,463,326,753
2024-08-07,1077,1048,215,618,73,96,61,28,84,156,119,28,52,45,291,544,115,134,405,192,34,161,415,545,345,267,667,435,1046,34,39,90,198,0,0,0,0,0,192,399,615,680,414,208,894,71,344,140,0,0,0,0,80,0,0,12,0,0,3,0,41,0,0,0,0,0,12,0,5,0,0,0,0,0,0,0,0,0,234,501,97,172,145,1162,524,202,620,140,516,0,1,163,29,583,3,145,176,63,64,328,626,146,18,281,296,498,334,746
2024-09-06,1120,1002,236,612,80,98,57,23,88,127,96,38,37,33,296,505,118,150,354,213,30,150,388,530,377,253,623,411,992,42,36,87,190,0,0,0,0,0,194,392,617,751,417,202,930,58,347,151,0,0,0,0,106,0,0,8,0,0,2,0,41,0,0,0,0,0,25,0,4,0,0,0,0,0,0,0,0,0,257,502,95,167,126,1041,527,228,639,153,461,0,0,165,24,571,1,149,164,58,48,338,617,145,12,260,258,483,300,751
2024-10-06,1008,1059,254,580,70,113,50,44,85,156,114,39,51,38,287,575,133,157,360,201,23,141,398,533,372,227,649,423,956,51,50,92,168,0,0,0,0,0,177,442,619,675,389,212,896,77,387,156,0,0,0,0,166,0,0,5,0,0,1,0,51,0,0,0,0,0,15,0,2,0,0,0,0,0,0,0,0,0,228,466,85,170,145,1146,480,168,687,184,449,1,1,154,29,587,1,147,172,65,57,336,579,168,20,295,269,457,297,809
2024-11-05,1012,961,256,589,58,110,49,44,87,111,109,37,46,53,300,576,139,144,379,212,30,132,390,553,342,229,609,441,953,56,73,88,193,0,0,0,0,0,200,462,619,708,381,227,915,65,339,147,0,0,0,0,219,0,0,3,0,0,2,0,46,0,0,0,0,0,19,0,6,0,0,0,0,0,0,0,0,0,233,454,104,151,114,1130,476,216,657,101,505,0,0,171,29,601,1,143,159,86,73,346,609,153,31,325,289,493,307,777
2024-12-05,1060,912,262,688,99,105,32,38,77,137,111,31,43,37,278,566,144,148,345,178,36,129,380,518,404,247,611,462,1011,50,66,82,163,0,0,0,0,0,173,384,540,800,407,192,897,72,380,162,0,0,0,0,194,0,0,19,0,0,8,0,19,0,0,0,0,0,4,0,1,0,0,0,0,0,0,0,0,0,225,518,93,143,115,1094,504,191,721,182,511,0,0,181,31,559,4,157,157,86,47,366,617,133,24,372,298,530,288,823
2025-01-04,1010,977,236,638,67,113,57,39,104,135,123,41,44,43,297,583,114,167,355,197,46,145,390,547,444,261,604,475,1054,41,74,76,176,0,0,0,0,0,236,412,588,730,418,177,876,91,343,161,0,0,0,0,152,0,0,25,0,0,8,0,21,0,0,0,0,0,7,0,1,0,0,0,0,0,0,0,0,0,210,507,112,181,101,1120,481,204,715,177,448,0,1,182,42,574,0,147,163,71,55,357,589,137,26,357,287,525,306,858
2025-02-03,934,979,269,598,77,121,32,47,92,120,168,35,50,51,283,579,127,172,344,229,31,131,405,632,441,222,608,426,1064,29,56,111,180,0,0,0,0,0,198,437,583,725,430,170,911,62,362,169,0,0,0,0,121,0,0,23,0,0,4,0,22,0,0,0,0,0,5,0,1,0,0,0,0,0,0,0,0,0,281,513,114,171,105,1092,439,212,740,169,525,0,1,179,34,597,1,155,171,65,59,315,662,159,18,340,295,596,306,814
2025-03-05,944,950,288,576,77,135,29,52,103,150,149,34,53,64,294,600,132,163,365,217,40,125,400,603,412,228,686,451,979,42,58,97,184,0,0,0,0,0,208,435,584,701,422,188,898,60,380,162,0,0,0,0,131,0,0,17,0,0,7,0,32,0,0,0,0,0,9,0,2,0,0,0,0,0,0,0,0,0,242,538,118,176,100,995,495,234,692,140,512,0,0,179,38,594,1,182,188,78,74,336,574,154,26,359,323,553,312,806
2025-04-04,932,1010,293,574,70,120,41,48,105,148,132,58,52,67,338,505,127,163,342,213,41,117,404,617,367,239,641,470,923,53,60,102,189,0,0,0,0,0,190,454,573,772,423,204,915,63,378,169,0,0,0,0,145,0,0,11,0,0,13,0,24,0,0,0,0,0,13,0,4,0,0,0,0,0,0,0,0,0,224,574,95,168,100,1033,471,217,690,184,484,1,1,190,27,602,0,181,196,71,59,305,631,132,22,336,303,555,322,779
2025-05-04,964,1035,292,625,59,125,61,71,98,154,138,32,45,69,331,517,116,164,344,231,37,125,435,612,433,262,601,500,997,34,65,101,194,0,0,0,0,0,199,454,630,660,485,180,911,57,353,161,0,0,0,0,73,0,0,11,0,0,8,0,21,0,0,0,0,0,7,0,3,0,0,0,0,0,0,0,0,0,216,553,100,174,90,1050,513,212,671,166,501,0,0,189,25,645,4,156,179,81,73,365,588,131,27,327,330,496,324,831
2025-06-03,1032,1012,251,597,94,140,55,37,88,160,136,37,56,46,351,486,127,171,325,215,33,130,457,564,411,249,619,484,957,32,74,83,191,0,0,0,0,0,203,415,644,709,479,195,911,65,342,157,0,0,0,0,99,0,0,14,0,0,3,0,21,0,0,0,0,0,7,0,2,0,0,0,0,0,0,0,0,0,224,536,88,145,89,1084,585,217,755,199,376,1,2,152,22,616,3,172,168,68,56,348,624,132,22,339,297,460,338,821
2025-07-03,984,999,265,576,74,119,73,26,97,142,167,46,39,55,358,501,116,177,322,205,36,132,441,567,388,222,636,469,922,38,81,93,188,0,0,0,0,0,184,422,623,735,446,163,845,55,379,156,0,0,0,0,121,0,0,18,0,1,10,0,10,0,0,0,0,0,10,0,1,0,0,0,0,0,0,0,0,0,221,537,86,156,107,1082,562,197,722,149,471,0,0,170,28,627,1,145,175,65,57,358,623,163,35,305,311,466,328,826
2025-08-02,1001,1039,303,584,71,142,41,46,106,127,154,42,42,51,368,536,115,172,319,219,36,144,439,611,404,232,635,463,877,43,86,96,210,0,0,0,0,0,194,425,666,750,467,188,912,59,387,155,0,0,0,0,79,0,0,12,2,0,6,0,18,0,0,0,0,0,6,0,3,0,0,0,0,0,0,0,0,0,239,564,91,140,99,1113,556,196,810,150,455,0,1,191,27,592,0,169,183,47,81,374,626,171,29,362,313,467,350,870
2025-09-01,963,1083,306,619,69,122,45,39,124,127,138,61,61,44,365,475,127,152,333,214,41,130,444,647,362,227,581,468,917,48,74,90,239,0,0,0,0,0,184,452,649,693,477,201,897,76,385,188,0,0,0,0,92,0,0,7,0,0,3,0,19,0,0,0,0,0,8,0,2,0,0,0,0,0,0,0,0,0,194,542,84,160,110,1150,559,183,752,179,503,2,0,152,30,622,0,193,175,71,70,400,672,163,26,337,337,415,335,874
2025-10-01,912,1086,279,629,71,147,48,39,110,107,120,46,45,47,360,471,123,161,352,237,33,135,410,577,375,239,634,467,932,47,65,81,209,0,0,0,0,0,231,450,636,718,472,192,828,69,383,167,0,0,0,0,98,0,0,13,1,0,4,0,14,0,0,0,0,0,5,0,2,0,0,0,0,0,0,0,0,0,225,552,77,180,97,1138,502,199,829,195,497,0,1,127,28,609,1,181,151,84,69,354,685,162,28,328,341,475,331,857
2025-10-31,944,1124,293,606,77,134,44,34,95,155,123,37,51,48,302,463,111,142,367,198,39,119,409,629,413,218,580,454,919,37,52,90,205,0,0,0,0,0,201,453,678,733,437,211,913,67,435,197,0,0,0,0,80,0,0,12,0,0,5,0,19,0,0,0,0,0,8,0,1,0,0,0,0,0,0,0,0,0,242,548,87,199,106,1113,502,169,766,144,446,0,2,152,38,633,0,198,155,82,68,377,660,144,25,337,376,459,349,810
