date,equity
2017-01-02,1.0
2017-01-03,1.0
2017-01-04,1.0
2017-01-05,1.0
2017-01-06,1.0
2017-01-09,1.0
2017-01-10,1.0
2017-01-11,1.0
2017-01-12,1.0
2017-01-13,1.0
2017-01-16,1.0
2017-01-17,1.0
2017-01-18,1.0
2017-01-19,1.0
2017-01-20,1.0
2017-01-23,1.0
2017-01-24,1.0
2017-01-25,1.0
2017-01-27,1.0
2017-01-30,1.0
2017-01-31,1.0
2017-02-01,1.0
2017-02-02,1.0
2017-02-03,1.0
2017-02-06,1.0
2017-02-07,1.0
2017-02-08,1.0
2017-02-09,1.0
2017-02-10,1.0
2017-02-13,1.0
2017-02-14,1.0
2017-02-15,1.0
2017-02-16,1.0
2017-02-17,1.0
2017-02-20,1.0
2017-02-21,1.0
2017-02-22,1.0
2017-02-23,1.0
2017-02-27,1.0
2017-02-28,1.0
2017-03-01,1.0
2017-03-02,1.0
2017-03-03,1.0
2017-03-06,1.0
2017-03-07,1.0
2017-03-08,1.0
2017-03-09,1.0
2017-03-10,1.0
2017-03-14,1.0
2017-03-15,1.0
2017-03-16,1.0
2017-03-17,1.0
2017-03-20,1.0
2017-03-21,1.0
2017-03-22,1.0
2017-03-23,1.0
2017-03-24,1.0
2017-03-27,1.0
2017-03-28,1.0
2017-03-29,1.0
2017-03-30,1.0
2017-03-31,1.0
2017-04-03,1.0
2017-04-05,1.0
2017-04-06,1.0
2017-04-07,1.0
2017-04-10,1.0
2017-04-11,1.0
2017-04-12,1.0
2017-04-13,1.0
2017-04-17,1.0
2017-04-18,1.0
2017-04-19,1.0
2017-04-20,1.0
2017-04-21,1.0
2017-04-24,1.0
2017-04-25,1.0
2017-04-26,1.0
2017-04-27,1.0
2017-04-28,1.0
2017-05-02,1.0
2017-05-03,1.0
2017-05-04,1.0
2017-05-05,1.0
2017-05-08,1.0
2017-05-09,1.0
2017-05-10,1.0
2017-05-11,1.0
2017-05-12,1.0
2017-05-15,1.0
2017-05-16,1.0
2017-05-17,1.0
2017-05-18,1.0
2017-05-19,1.0
2017-05-22,1.0
2017-05-23,1.0
2017-05-24,1.0
2017-05-25,1.0
2017-05-26,1.0
2017-05-29,1.0611488215802127
2017-05-30,1.1286841606461342
2017-05-31,1.1979648776223717
2017-06-01,1.2581011870287035
2017-06-02,1.303261292032182
2017-06-05,1.321414905250056
2017-06-06,1.3646918835701514
2017-06-07,1.398033412733487
2017-06-08,1.4211219980103778
2017-06-09,1.4352919946841365
2017-06-12,1.4573140374129956
2017-06-13,1.4693521908123421
2017-06-14,1.4979597654597465
2017-06-15,1.5449418785462288
2017-06-16,1.6130143750856423
2017-06-19,1.6732290790971074
2017-06-20,1.7338849022012102
2017-06-21,1.7787498581157977
2017-06-22,1.8496952278122685
2017-06-23,1.9768281980476785
2017-06-27,2.104597539803988
2017-06-28,2.2387860077041464
2017-06-29,2.3925093108341153
2017-06-30,2.5352725294965337
2017-07-03,2.6922850858100125
2017-07-04,2.8270260075296325
2017-07-05,2.974562290303028
2017-07-06,3.1631618196216165
2017-07-07,3.389462374759099
2017-07-10,3.5894579609439323
2017-07-11,3.8640895736448617
2017-07-12,4.151663344249342
2017-07-13,4.384189416863495
2017-07-14,4.648392658271497
2017-07-17,4.907956482215882
2017-07-18,5.188954333729879
2017-07-19,5.392577575006441
2017-07-20,5.601842636873798
2017-07-21,5.80783137891329
2017-07-24,6.093800926249194
2017-07-25,6.330330562133976
2017-07-26,6.513781398266261
2017-07-27,6.63041416136577
2017-07-28,6.729658753028274
2017-07-31,6.974014083428435
2017-08-01,7.325750311575147
2017-08-02,7.64978702263946
2017-08-03,7.783335302030703
2017-08-04,7.648650350107338
2017-08-07,7.484212026126593
2017-08-08,7.439729948268902
2017-08-09,7.683478796812124
2017-08-10,8.12584929061457
2017-08-11,8.493561389569415
2017-08-14,8.87291131111663
2017-08-16,9.156809645906376
2017-08-17,9.582632669685768
2017-08-18,10.018483901407748
2017-08-21,10.615436189283729
2017-08-22,11.354695745352673
2017-08-23,11.958505040880274
2017-08-24,12.636941255733442
2017-08-28,13.293743106233835
2017-08-29,14.23645084645807
2017-08-30,14.922259864723758
2017-08-31,15.578487427783772
2017-09-01,16.17270572007261
2017-09-04,17.034083600977546
2017-09-05,17.729552041244034
2017-09-06,18.371999221942144
2017-09-07,18.88364051759888
2017-09-08,19.627132440389346
2017-09-11,19.36108342287836
2017-09-12,18.938081230473205
2017-09-13,18.743866919723427
2017-09-14,18.05210269193151
2017-09-15,17.678510332303702
2017-09-18,17.49659084768845
2017-09-19,17.32514879968235
2017-09-20,17.100356050403523
2017-09-21,17.234746378175995
2017-09-22,18.00781304369103
2017-09-25,19.031396630642135
2017-09-26,19.81657201107652
2017-09-27,21.145584232052006
2017-09-28,22.75289195594986
2017-09-29,24.503257741529954
2017-10-03,26.191361540143777
2017-10-04,27.840047088918826
2017-10-05,29.522506689016023
2017-10-06,30.866450423846832
2017-10-09,32.10148144542053
2017-10-10,33.33733436354694
2017-10-11,35.417946910072786
2017-10-12,37.43456914550033
2017-10-13,39.91202469412622
2017-10-16,42.26278148041013
2017-10-17,44.11820974085012
2017-10-18,46.91423580325465
2017-10-19,52.63910316741692
2017-10-23,57.69939822614783
2017-10-24,62.92771875137925
2017-10-25,68.47488543154097
2017-10-26,74.26100215426906
2017-10-27,80.5393770392522
2017-10-30,86.65708281385179
2017-10-31,92.94650604483805
2017-11-01,97.1729636871494
2017-11-02,99.67886626635122
2017-11-03,105.20182332852673
2017-11-06,106.95373693602583
2017-11-07,112.63139983558935
2017-11-08,119.43224979969757
2017-11-09,124.68624587557785
2017-11-10,129.68820088099616
2017-11-13,135.20642240686598
2017-11-14,141.63105316738142
2017-11-15,150.7235901692994
2017-11-16,156.75500037037466
2017-11-17,161.22745009232227
2017-11-20,164.50612069965123
2017-11-21,166.9625259750548
2017-11-22,169.68702012233666
2017-11-23,172.85328479139463
2017-11-24,179.60545125973647
2017-11-27,186.20655228759026
2017-11-28,193.589215902357
2017-11-29,198.20752277916014
2017-11-30,204.810876754516
2017-12-01,214.11056392093155
2017-12-04,226.63193122973735
2017-12-05,243.47626960754448
2017-12-06,262.93149070572446
2017-12-07,279.21914460328526
2017-12-08,295.1546084215108
2017-12-11,310.2523912891972
2017-12-12,329.139200927896
2017-12-13,355.390997997383
2017-12-14,383.549148907455
2017-12-15,409.12372601272654
2017-12-18,426.374715171481
2017-12-19,442.15073733338346
2017-12-20,468.9334804290073
2017-12-21,496.95396154814387
2017-12-22,531.3004489493437
2017-12-26,555.594840827717
2017-12-27,583.1492956623106
2017-12-28,609.3660381127974
2017-12-29,638.2631194681856
2018-01-01,667.8316345723318
2018-01-02,701.3938007749113
2018-01-03,740.5762956053285
2018-01-04,757.4126404066815
2018-01-05,786.7875630525788
2018-01-08,812.6231745442454
2018-01-09,859.3927393749606
2018-01-10,913.6722338732528
2018-01-11,968.2858692783399
2018-01-12,1007.9111339805812
2018-01-15,1030.1966945520471
2018-01-16,1075.6548473745743
2018-01-17,1124.5574804501236
2018-01-18,1149.4571886158028
2018-01-19,1153.8114677155072
2018-01-22,1126.7225852214933
2018-01-23,1095.1069494305916
2018-01-24,1086.003926529471
2018-01-25,1074.8982099912437
2018-01-29,1072.188981487066
2018-01-30,1086.4646183689
2018-01-31,1090.2381680821925
2018-02-01,1062.8290528385778
2018-02-02,1057.6153306693268
2018-02-05,1081.2789701984616
2018-02-06,1120.0170968403033
2018-02-07,1159.9452226345966
2018-02-08,1192.2198315991297
2018-02-09,1246.6573078809756
2018-02-12,1280.6881220073083
2018-02-14,1298.2390030044287
2018-02-15,1299.2581794341563
2018-02-16,1313.1552883032746
2018-02-19,1328.5472398301008
2018-02-20,1345.3520530048215
2018-02-21,1356.7539838405798
2018-02-22,1360.1817140328108
2018-02-23,1377.1322514051703
2018-02-26,1390.2996892590256
2018-02-27,1412.443136867239
2018-02-28,1435.2190650654593
2018-03-01,1435.2190650654593
2018-03-05,1435.2190650654593
2018-03-06,1435.2190650654593
2018-03-07,1435.2190650654593
2018-03-08,1435.2190650654593
2018-03-09,1435.2190650654593
2018-03-12,1435.2190650654593
2018-03-13,1435.2190650654593
2018-03-14,1435.2190650654593
2018-03-15,1435.2190650654593
2018-03-16,1435.2190650654593
2018-03-19,1435.2190650654593
2018-03-20,1435.2190650654593
2018-03-21,1435.2190650654593
2018-03-22,1435.2190650654593
2018-03-23,1435.2190650654593
2018-03-26,1435.2190650654593
2018-03-27,1435.2190650654593
2018-03-28,1435.2190650654593
2018-04-02,1435.2190650654593
2018-04-03,1435.2190650654593
2018-04-04,1435.2190650654593
2018-04-05,1435.2190650654593
2018-04-06,1435.2190650654593
2018-04-09,1435.2190650654593
2018-04-10,1435.2190650654593
2018-04-11,1435.2190650654593
2018-04-12,1435.2190650654593
2018-04-13,1435.2190650654593
2018-04-16,1435.2190650654593
2018-04-17,1435.2190650654593
2018-04-18,1435.2190650654593
2018-04-19,1435.2190650654593
2018-04-20,1435.2190650654593
2018-04-23,1435.2190650654593
2018-04-24,1435.2190650654593
2018-04-25,1435.2190650654593
2018-04-26,1501.6843928088203
2018-04-27,1531.267946740076
2018-04-30,1572.9832183903131
2018-05-02,1615.0198096616875
2018-05-03,1661.190673340424
2018-05-04,1708.0659297718196
2018-05-07,1767.7198871858802
2018-05-08,1828.7008654930166
2018-05-09,1881.6022530108564
2018-05-10,1964.0755593468623
2018-05-11,2016.1924861714845
2018-05-14,2101.0218911294223
2018-05-15,2182.83514727826
2018-05-16,2287.9793510251466
2018-05-17,2383.7896623556326
2018-05-18,2450.409561840428
2018-05-21,2556.2578913635007
2018-05-22,2607.9864353506773
2018-05-23,2705.1177829333556
2018-05-24,2832.4683319976884
2018-05-25,2946.051283076651
2018-05-28,3053.2635610933025
2018-05-29,3165.2829942880967
2018-05-30,3318.4392067597255
2018-05-31,3452.127807828848
2018-06-01,3697.162736195097
2018-06-04,3992.4594579216446
2018-06-05,3992.4594579216446
2018-06-06,3992.4594579216446
2018-06-07,3992.4594579216446
2018-06-08,4095.6230684777065
2018-06-11,4172.862815438602
2018-06-12,4211.61947728724
2018-06-13,4220.662683390191
2018-06-14,4169.153379446723
2018-06-15,4155.082762088133
2018-06-18,4147.776375443728
2018-06-19,4207.896088748816
2018-06-20,4228.746084174287
2018-06-21,4364.599168542786
2018-06-22,4472.286110467502
2018-06-25,4665.275652540512
2018-06-26,4864.124072908602
2018-06-27,5143.276466682468
2018-06-28,5524.946328701699
2018-06-29,5922.662997429469
2018-07-02,6319.2534309752145
2018-07-03,6729.143538597861
2018-07-04,6917.38161065504
2018-07-05,7174.7441149694205
2018-07-06,7565.98726725572
2018-07-09,8220.004303476164
2018-07-10,9028.582438033052
2018-07-11,9973.21561525851
2018-07-12,11158.956676932226
2018-07-13,12557.425512904552
2018-07-16,14574.38077892364
2018-07-17,16944.005900102537
2018-07-18,20215.987115561842
2018-07-19,24468.13772155968
2018-07-20,29115.74481075038
2018-07-23,32998.507836801626
2018-07-24,37539.72992141788
2018-07-25,41559.483944613465
2018-07-26,44939.61234498828
2018-07-27,48196.5858448377
2018-07-30,50299.97501131256
2018-07-31,52758.51332186083
2018-08-01,56096.62993119007
2018-08-02,59683.66030488445
2018-08-03,63230.316299837104
2018-08-06,66393.56995071712
2018-08-07,69593.36076465673
2018-08-08,73337.51309464188
2018-08-09,78210.17380248882
2018-08-10,84418.99871842585
2018-08-13,89612.14286186235
2018-08-14,94238.70490652065
2018-08-16,102619.19156348224
2018-08-17,111495.29633662383
2018-08-20,115505.52178049994
2018-08-21,120143.33556730681
2018-08-23,125686.91153267349
2018-08-24,132352.3221598037
2018-08-27,136257.46953516174
2018-08-28,139289.5185384276
2018-08-29,144721.73620793037
2018-08-30,153044.9675701367
2018-08-31,157559.2947259814
2018-09-03,161377.9972791222
2018-09-04,168856.50822759347
2018-09-05,173798.74897245484
2018-09-06,169869.19752494898
2018-09-07,167477.22837733847
2018-09-10,165607.17486972784
2018-09-11,166022.12264470116
2018-09-12,163201.10010413642
2018-09-14,158380.28891770774
2018-09-17,154940.53182228655
2018-09-18,149781.1804780299
2018-09-19,141527.8808692365
2018-09-21,135783.6177952905
2018-09-24,130659.42673854029
2018-09-25,126047.37257454684
2018-09-26,120914.70516130567
2018-09-27,118493.51775620283
2018-09-28,118902.95960821293
2018-10-01,118902.95960821293
2018-10-03,118902.95960821293
2018-10-04,118902.95960821293
2018-10-05,118902.95960821293
2018-10-08,118902.95960821293
2018-10-09,118902.95960821293
2018-10-10,118902.95960821293
2018-10-11,118902.95960821293
2018-10-12,118902.95960821293
2018-10-15,118902.95960821293
2018-10-16,118902.95960821293
2018-10-17,118902.95960821293
2018-10-19,118902.95960821293
2018-10-22,118902.95960821293
2018-10-23,118902.95960821293
2018-10-24,118902.95960821293
2018-10-25,118902.95960821293
2018-10-26,118902.95960821293
2018-10-29,118902.95960821293
2018-10-30,118902.95960821293
2018-10-31,118902.95960821293
2018-11-01,118902.95960821293
2018-11-02,118902.95960821293
2018-11-05,118902.95960821293
2018-11-06,118902.95960821293
2018-11-07,118902.95960821293
2018-11-09,118902.95960821293
2018-11-12,118902.95960821293
2018-11-13,118902.95960821293
2018-11-14,118902.95960821293
2018-11-15,118902.95960821293
2018-11-16,118902.95960821293
2018-11-19,118902.95960821293
2018-11-20,118902.95960821293
2018-11-21,118902.95960821293
2018-11-22,118902.95960821293
2018-11-26,118902.95960821293
2018-11-27,118902.95960821293
2018-11-28,118902.95960821293
2018-11-29,118902.95960821293
2018-11-30,118902.95960821293
2018-12-03,118902.95960821293
2018-12-04,118902.95960821293
2018-12-05,118902.95960821293
2018-12-06,118902.95960821293
2018-12-07,118902.95960821293
2018-12-10,118902.95960821293
2018-12-11,118902.95960821293
2018-12-12,118902.95960821293
2018-12-13,118902.95960821293
2018-12-14,118902.95960821293
2018-12-17,118902.95960821293
2018-12-18,118902.95960821293
2018-12-19,118902.95960821293
2018-12-20,118902.95960821293
2018-12-21,118902.95960821293
2018-12-24,118902.95960821293
2018-12-26,118902.95960821293
2018-12-27,118902.95960821293
2018-12-28,118902.95960821293
2018-12-31,118902.95960821293
2019-01-01,118902.95960821293
2019-01-02,118902.95960821293
2019-01-03,118902.95960821293
2019-01-04,118902.95960821293
2019-01-07,118902.95960821293
2019-01-08,120873.41208369254
2019-01-09,122845.081767493
2019-01-10,124154.28049104141
2019-01-11,126392.21154723797
2019-01-14,127872.89062172158
2019-01-15,127073.8326769136
2019-01-16,128041.67197051844
2019-01-17,128041.67197051844
2019-01-18,128041.67197051844
2019-01-21,128041.67197051844
2019-01-22,128041.67197051844
2019-01-23,128041.67197051844
2019-01-24,128041.67197051844
2019-01-25,128041.67197051844
2019-01-28,128041.67197051844
2019-01-29,128041.67197051844
2019-01-30,128041.67197051844
2019-01-31,128041.67197051844
2019-02-01,128041.67197051844
2019-02-04,128041.67197051844
2019-02-05,128041.67197051844
2019-02-06,128041.67197051844
2019-02-07,128041.67197051844
2019-02-08,128041.67197051844
2019-02-11,128041.67197051844
2019-02-12,128041.67197051844
2019-02-14,128041.67197051844
2019-02-15,128041.67197051844
2019-02-18,128041.67197051844
2019-02-19,128041.67197051844
2019-02-20,128041.67197051844
2019-02-21,128041.67197051844
2019-02-22,128041.67197051844
2019-02-25,128041.67197051844
2019-02-26,128041.67197051844
2019-02-27,128041.67197051844
2019-02-28,128041.67197051844
2019-03-01,138261.20298134038
2019-03-05,148231.4723835217
2019-03-06,155936.1729811098
2019-03-07,163622.45615968024
2019-03-08,169241.3207302986
2019-03-11,177619.03448157498
2019-03-12,182933.25506494814
2019-03-13,191695.29685772603
2019-03-14,201694.1543868475
2019-03-15,212424.99212653347
2019-03-18,222581.07180897938
2019-03-19,230530.83057898533
2019-03-20,240680.14663035536
2019-03-22,254596.7622641663
2019-03-25,274409.78518678143
2019-03-26,286319.35612290836
2019-03-27,299680.75789149967
2019-03-28,315976.9692451631
2019-04-01,324541.1116833294
2019-04-02,334873.35853763344
2019-04-03,353461.03837770264
2019-04-04,373261.1740879336
2019-04-05,391334.2090310444
2019-04-08,418827.6960671053
2019-04-09,442892.448767352
2019-04-10,468026.6878919295
2019-04-11,492343.4201057303
2019-04-12,518730.6043472382
2019-04-15,542782.7283118189
2019-04-16,543051.4744273562
2019-04-18,541559.9210289334
2019-04-22,538601.4226691623
2019-04-23,536103.2106556162
2019-04-24,524779.4208598493
2019-04-25,504137.60336250707
2019-04-26,484983.2252599359
2019-04-30,469412.2950532142
2019-05-02,462339.4683266376
2019-05-03,464122.5701060412
2019-05-06,486742.1121025514
2019-05-07,508054.7421952511
2019-05-08,542306.9552707209
2019-05-09,580135.184945872
2019-05-10,631038.884473009
2019-05-13,699327.6866411567
2019-05-14,771425.4419063986
2019-05-15,843951.1489364892
2019-05-16,920993.3875976364
2019-05-17,1011202.9512062358
2019-05-20,1083201.1506389428
2019-05-21,1172320.8665263692
2019-05-22,1245206.2124570454
2019-05-23,1330820.5239451793
2019-05-24,1402156.7033220537
2019-05-27,1460109.7928874132
2019-05-28,1496430.0305873905
2019-05-29,1544985.8763421243
2019-05-30,1579430.4174980721
2019-05-31,1604691.7769208231
2019-06-03,1592547.3006252826
2019-06-04,1599177.4112315332
2019-06-06,1637006.005512218
2019-06-07,1666820.7641452944
2019-06-10,1673010.8940135294
2019-06-11,1686507.1618998726
2019-06-12,1733318.708390606
2019-06-13,1787097.158797219
2019-06-14,1859967.8788702704
2019-06-17,1951490.858814463
2019-06-18,2095847.043011652
2019-06-19,2257715.970116467
2019-06-20,2406904.546311917
2019-06-21,2511577.351146328
2019-06-24,2557794.815210369
2019-06-25,2639664.9164669435
2019-06-26,2666956.2096751155
2019-06-27,2712478.697535711
2019-06-28,2729710.0268387836
2019-07-01,2742779.0809107497
2019-07-02,2728338.2584562483
2019-07-03,2723297.3719575866
2019-07-04,2693887.9007631624
2019-07-05,2610684.3321791845
2019-07-08,2665546.342741917
2019-07-09,2736094.9825854176
2019-07-10,2791758.3990605394
2019-07-11,2836190.8630270907
2019-07-12,2871957.4158184105
2019-07-15,2907278.248871695
2019-07-16,2907278.248871695
2019-07-17,2907278.248871695
2019-07-18,2907278.248871695
2019-07-19,2907278.248871695
2019-07-22,2907278.248871695
2019-07-23,2907278.248871695
2019-07-24,2907278.248871695
2019-07-25,2907278.248871695
2019-07-26,2907278.248871695
2019-07-29,2907278.248871695
2019-07-30,2907278.248871695
2019-07-31,2907278.248871695
2019-08-01,2907278.248871695
2019-08-02,2907278.248871695
2019-08-05,2907278.248871695
2019-08-06,2907278.248871695
2019-08-07,2907278.248871695
2019-08-08,2907278.248871695
2019-08-09,2907278.248871695
2019-08-13,2907278.248871695
2019-08-14,2907278.248871695
2019-08-16,2907278.248871695
2019-08-19,2907278.248871695
2019-08-20,2907278.248871695
2019-08-21,2907278.248871695
2019-08-22,2907278.248871695
2019-08-23,2907278.248871695
2019-08-26,2907278.248871695
2019-08-27,2907278.248871695
2019-08-28,2907278.248871695
2019-08-29,2907278.248871695
2019-08-30,2907278.248871695
2019-09-03,2907278.248871695
2019-09-04,2907278.248871695
2019-09-05,2907278.248871695
2019-09-06,2907278.248871695
2019-09-09,2907278.248871695
2019-09-11,2907278.248871695
2019-09-12,2907278.248871695
2019-09-13,2907278.248871695
2019-09-16,2907278.248871695
2019-09-17,2907278.248871695
2019-09-18,2907278.248871695
2019-09-19,2907278.248871695
2019-09-20,2907278.248871695
2019-09-23,2907278.248871695
2019-09-24,2907278.248871695
2019-09-25,2907278.248871695
2019-09-26,2907278.248871695
2019-09-27,2907278.248871695
2019-09-30,2907278.248871695
2019-10-01,2907278.248871695
2019-10-03,3236101.617732105
2019-10-04,3637151.060660572
2019-10-07,4085973.8707844703
2019-10-09,4462059.335036386
2019-10-10,4920871.247659528
2019-10-11,5364919.417114166
2019-10-14,5948646.801701293
2019-10-15,6503451.093271994
2019-10-16,7055721.114445457
2019-10-17,7650230.412952303
2019-10-18,8215243.655365524
2019-10-22,8734985.401599865
2019-10-23,9370778.72062434
2019-10-24,9952018.38842801
2019-10-25,10757483.442612536
2019-10-27,11444759.045156635
2019-10-29,11916777.217335327
2019-10-30,12020956.71588045
2019-10-31,12151333.234215891
2019-11-01,12281733.722087387
2019-11-04,12286525.610368479
2019-11-05,12615823.97081172
2019-11-06,12857542.34083443
2019-11-07,13224517.6208559
2019-11-08,14101975.289518297
2019-11-11,14875043.63071074
2019-11-13,15944939.447480831
2019-11-14,17512027.429432277
2019-11-15,19102265.145868782
2019-11-18,20234237.374020267
2019-11-19,21182100.90217755
2019-11-20,22321316.31603121
2019-11-21,23798911.600775745
2019-11-22,24855864.904432338
2019-11-25,25363114.36983354
2019-11-26,25930422.08213379
2019-11-27,26323052.32101107
2019-11-28,26630613.14521703
2019-11-29,27210463.86814719
2019-12-02,27809814.183283336
2019-12-03,29048380.477224696
2019-12-04,30027984.45090055
2019-12-05,30855125.08107009
2019-12-06,32599919.35174735
2019-12-09,34739659.248848885
2019-12-10,37384002.32431214
2019-12-11,39925653.593759656
2019-12-12,42460536.11056496
2019-12-13,45123473.636340626
2019-12-16,48114040.90073296
2019-12-17,51154694.46894772
2019-12-18,55068122.94643856
2019-12-19,58945276.43943949
2019-12-20,61755273.882984266
2019-12-23,65429128.41437697
2019-12-24,69981455.59648933
2019-12-26,75618771.53544788
2019-12-27,81019723.75939259
2019-12-30,86139279.79676552
2019-12-31,90916595.48705778
2020-01-01,94964938.83452591
2020-01-02,96816893.18939121
2020-01-03,99492537.5323154
2020-01-06,104555550.24328089
2020-01-07,108845918.84282304
2020-01-08,113806078.54046072
2020-01-09,118710118.01114468
2020-01-10,124892167.7604107
2020-01-13,130142380.04856029
2020-01-14,134026336.41478276
2020-01-15,137867373.3499144
2020-01-16,138521290.6790517
2020-01-17,136950476.60404214
2020-01-20,136874643.8412818
2020-01-21,139706916.31583208
2020-01-22,143281380.692955
2020-01-23,147025308.06666595
2020-01-24,151509410.92272228
2020-01-27,157552767.18656835
2020-01-28,163905547.61135253
2020-01-29,172091402.60294756
2020-01-30,181372762.02636224
2020-01-31,191464757.95625705
2020-02-03,203534687.53253064
2020-02-04,210190320.17933345
2020-02-05,218551461.00933817
2020-02-06,223418010.99992168
2020-02-07,224101292.18004966
2020-02-10,225167116.94195384
2020-02-11,223085428.05020988
2020-02-12,217873650.80946648
2020-02-13,208542058.70785224
2020-02-14,200473271.0392341
2020-02-17,199647496.80140647
2020-02-18,195515546.16900888
2020-02-19,194242934.01431763
2020-02-20,188695468.28485167
2020-02-24,175941332.89028692
2020-02-25,167500537.7105761
2020-02-26,146481095.14181542
2020-02-27,132498594.53098081
2020-02-28,116192317.6778054
2020-03-02,116192317.6778054
2020-03-03,116192317.6778054
2020-03-04,116192317.6778054
2020-03-05,116192317.6778054
2020-03-06,116192317.6778054
2020-03-09,116192317.6778054
2020-03-11,116192317.6778054
2020-03-12,116192317.6778054
2020-03-13,116192317.6778054
2020-03-16,116192317.6778054
2020-03-17,116192317.6778054
2020-03-18,116192317.6778054
2020-03-19,116192317.6778054
2020-03-20,116192317.6778054
2020-03-23,116192317.6778054
2020-03-24,116192317.6778054
2020-03-25,116192317.6778054
2020-03-26,116192317.6778054
2020-03-27,116192317.6778054
2020-03-30,116192317.6778054
2020-03-31,116192317.6778054
2020-04-01,116192317.6778054
2020-04-03,116192317.6778054
2020-04-07,116192317.6778054
2020-04-08,116192317.6778054
2020-04-09,116192317.6778054
2020-04-13,116192317.6778054
2020-04-15,116192317.6778054
2020-04-16,116192317.6778054
2020-04-17,116192317.6778054
2020-04-20,116192317.6778054
2020-04-21,116192317.6778054
2020-04-22,116192317.6778054
2020-04-23,116192317.6778054
2020-04-24,116192317.6778054
2020-04-27,116192317.6778054
2020-04-28,116192317.6778054
2020-04-29,116192317.6778054
2020-04-30,116192317.6778054
2020-05-04,116192317.6778054
2020-05-05,116192317.6778054
2020-05-06,116192317.6778054
2020-05-07,116192317.6778054
2020-05-08,116192317.6778054
2020-05-11,116192317.6778054
2020-05-12,116192317.6778054
2020-05-13,116192317.6778054
2020-05-14,116192317.6778054
2020-05-15,116192317.6778054
2020-05-18,116192317.6778054
2020-05-19,116192317.6778054
2020-05-20,116192317.6778054
2020-05-21,116192317.6778054
2020-05-22,116192317.6778054
2020-05-26,116192317.6778054
2020-05-27,116192317.6778054
2020-05-28,116192317.6778054
2020-05-29,116192317.6778054
2020-06-01,116192317.6778054
2020-06-02,116192317.6778054
2020-06-03,116192317.6778054
2020-06-04,116192317.6778054
2020-06-05,116192317.6778054
2020-06-08,116192317.6778054
2020-06-09,116192317.6778054
2020-06-10,116192317.6778054
2020-06-11,116192317.6778054
2020-06-12,116192317.6778054
2020-06-15,116192317.6778054
2020-06-16,116192317.6778054
2020-06-17,116192317.6778054
2020-06-18,116192317.6778054
2020-06-19,116192317.6778054
2020-06-22,124617716.42456974
2020-06-23,132366184.89880222
2020-06-24,143314445.03236553
2020-06-25,154590108.11786467
2020-06-26,166381593.96064752
2020-06-29,181591280.77196833
2020-06-30,193761263.1861335
2020-07-01,203713779.23699537
2020-07-02,216111876.71979126
2020-07-03,229881827.7581882
2020-07-06,240793107.94305122
2020-07-07,257618469.61698824
2020-07-08,276269703.07295865
2020-07-09,297412900.237378
2020-07-10,321240462.8405976
2020-07-13,344185215.4301853
2020-07-14,384113856.4078376
2020-07-15,425992235.9276194
2020-07-16,462870020.81528854
2020-07-17,497768491.5938758
2020-07-20,525066463.5933922
2020-07-21,547940073.8326081
2020-07-22,586273911.2840096
2020-07-23,621354671.6955197
2020-07-24,669115316.7615604
2020-07-27,739155380.5299625
2020-07-28,809201722.8870369
2020-07-29,880789155.7213036
2020-07-30,958906403.1957612
2020-07-31,1022221482.4838511
2020-08-03,1109535010.5432222
2020-08-04,1207915624.3917098
2020-08-05,1290418157.3052647
2020-08-06,1386226142.7438018
2020-08-07,1495825352.7245824
2020-08-10,1600533812.1483226
2020-08-11,1706075466.3569665
2020-08-12,1842312090.6322157
2020-08-13,1993853434.1416526
2020-08-14,2262780909.26852
2020-08-17,2443966601.043726
2020-08-18,2649319640.9377093
2020-08-19,2944800195.907999
2020-08-20,3289001713.6481423
2020-08-21,3566709415.6415668
2020-08-24,3776746278.6951227
2020-08-25,3968051091.042772
2020-08-26,4151477844.5233097
2020-08-27,4330423035.024069
2020-08-28,4539221620.742104
2020-08-31,4898791459.177745
2020-09-01,5360737841.327692
2020-09-02,5786439251.47231
2020-09-03,6005644726.802991
2020-09-04,6425036048.581548
2020-09-07,6796804010.14708
2020-09-08,7053165548.127239
2020-09-09,7268746527.507105
2020-09-10,7549678769.507953
2020-09-11,7818429494.13536
2020-09-14,8075873400.005234
2020-09-15,8350427690.640452
2020-09-16,8671516452.89269
2020-09-17,8994682367.74508
2020-09-18,9393072277.795113
2020-09-21,10241658896.773283
2020-09-22,11472627431.323645
2020-09-23,12811863376.162973
2020-09-24,14806473190.028217
2020-09-25,16511051058.953653
2020-09-28,17730254501.914143
2020-09-29,19170166909.29303
2020-09-30,20262286760.22529
2020-10-01,21559770718.864597
2020-10-05,23131279164.13519
2020-10-06,24491762415.882374
2020-10-07,25671368334.676113
2020-10-08,26690506888.343697
2020-10-09,27791715425.736073
2020-10-12,28465632425.80832
2020-10-13,30209567586.431637
2020-10-14,31387736580.563427
2020-10-15,32765671036.521748
2020-10-16,34421574342.968575
2020-10-19,35659667391.01744
2020-10-20,37025657378.82517
2020-10-21,38469801220.101746
2020-10-22,41080006937.75815
2020-10-23,44552185737.58809
2020-10-26,50671185633.80409
2020-10-27,56337607385.01417
2020-10-28,64365716916.72708
2020-10-29,72650079764.72803
2020-10-30,80844737073.27058
2020-11-02,93537843376.58604
2020-11-03,109767685520.63646
2020-11-04,131946588422.97585
2020-11-05,151026833534.1106
2020-11-06,173526312141.05618
2020-11-09,197876483224.92758
2020-11-10,230111509955.25705
2020-11-11,257204581741.6615
2020-11-12,290966080954.90765
2020-11-13,324928063768.40894
2020-11-14,365723178410.8848
2020-11-17,410178504906.3502
2020-11-18,457772260330.3502
2020-11-19,515079473144.1962
2020-11-20,577665266986.941
2020-11-23,640972141636.8112
2020-11-24,698274447270.3654
2020-11-25,764190638694.1058
2020-11-26,855023475972.581
2020-11-27,956106548889.5527
2020-12-01,1063922101848.6012
2020-12-02,1173163703420.588
2020-12-03,1262130419984.228
2020-12-04,1337975375037.3184
2020-12-07,1366598379221.644
2020-12-08,1408841205492.455
2020-12-09,1448024250450.5823
2020-12-10,1509752803581.742
2020-12-11,1581986976900.1946
2020-12-14,1657460332384.3206
2020-12-15,1729238326310.2715
2020-12-16,1785748404915.8987
2020-12-17,1858372173773.7415
2020-12-18,1930574325626.7388
2020-12-21,2102956465914.42
2020-12-22,2285569880480.1733
2020-12-23,2465861148730.5317
2020-12-24,2709105513280.632
2020-12-28,2979632058994.27
2020-12-29,3253462087498.213
2020-12-30,3560985411730.3174
2020-12-31,3897688359912.0215
2021-01-01,4158512386006.197
2021-01-04,4355882187383.972
2021-01-05,4603584173758.484
2021-01-06,4950445360500.462
2021-01-07,5310369737088.737
2021-01-08,5419550464634.184
2021-01-11,5621156531806.41
2021-01-12,5775261649750.453
2021-01-13,6061375042472.491
2021-01-14,6014284105641.954
2021-01-15,6262634451561.58
2021-01-18,6791029235693.485
2021-01-19,7153156267591.159
2021-01-20,7668123343347.79
2021-01-21,8549242175338.377
2021-01-22,9774460818212.668
2021-01-25,11020640600198.3
2021-01-27,12783976970735.502
2021-01-28,15232004908190.691
2021-01-29,18180024307774.473
2021-02-01,20857597428677.74
2021-02-02,22758968555424.574
2021-02-03,25262853876594.848
2021-02-04,27507281672201.195
2021-02-05,29077732786598.695
2021-02-08,30038416635654.043
2021-02-09,32190878883779.348
2021-02-10,33896644667282.84
2021-02-11,36358944351079.13
2021-02-12,37857540042510.04
2021-02-15,40822709138390.305
2021-02-16,43587187157839.27
2021-02-17,46491917381247.65
2021-02-18,49494495051629.92
2021-02-19,52396413693689.72
2021-02-22,55650242446320.266
2021-02-23,58906855366452.81
2021-02-24,62707823252138.89
2021-02-25,64504645847935.2
2021-02-26,67361855595185.734
2021-03-01,70030489090072.016
2021-03-02,70196719077326.38
2021-03-03,68981545432649.39
2021-03-04,68727423907186.18
2021-03-05,70908746930346.8
2021-03-08,73234540026501.44
2021-03-09,74037366112503.61
2021-03-10,73205992760152.8
2021-03-12,72969568482604.53
2021-03-15,74793832600962.48
2021-03-16,76898791320670.69
2021-03-17,81125622918820.17
2021-03-18,87762443819912.19
2021-03-19,94451464552557.7
2021-03-22,101513743242874.89
2021-03-23,109321905156662.36
2021-03-24,120761088200835.23
2021-03-25,126282205621960.27
2021-03-26,134692023348735.62
2021-03-30,140199932046810.19
2021-03-31,149414315483136.38
2021-04-01,153262208656689.8
2021-04-05,160062656497232.3
2021-04-06,168181198422124.06
2021-04-07,171090680829495.3
2021-04-08,172433947044309.0
2021-04-09,180175599413250.8
2021-04-12,198551041822189.84
2021-04-13,216397696196336.8
2021-04-15,236581163138955.0
2021-04-16,259273500687199.94
2021-04-19,291918005570229.06
2021-04-20,326367936011811.94
2021-04-22,362471057148632.94
2021-04-23,411866143018011.94
2021-04-26,468750127896599.44
2021-04-27,526072566087433.75
2021-04-28,578448618402828.4
2021-04-29,635512648261481.0
2021-04-30,698267061405011.0
2021-05-03,769375232505304.4
2021-05-04,855532170188102.6
2021-05-05,939675411090611.4
2021-05-06,1022611742377884.8
2021-05-07,1136403895158163.2
2021-05-10,1224765566364874.5
2021-05-11,1327548167435017.8
2021-05-12,1450463138850619.2
2021-05-14,1585161200159217.5
2021-05-17,1701253228701309.5
2021-05-18,1800156335564614.0
2021-05-19,1900688048021154.5
2021-05-20,2029228124660119.5
2021-05-21,2149153686081352.2
2021-05-24,2310305199323173.5
2021-05-25,2496925977841308.0
2021-05-26,2615899697793265.5
2021-05-27,2823641857206535.0
2021-05-28,2992659446680648.0
2021-05-31,3180339505313574.5
2021-06-01,3441710396764766.5
2021-06-02,3617852105299918.0
2021-06-03,3734117718883372.0
2021-06-04,3803399135664203.5
2021-06-07,3870145734981250.5
2021-06-08,3978054823663291.0
2021-06-09,4077436740511856.0
2021-06-10,4179817590083357.0
2021-06-11,4224298332117578.0
2021-06-14,4328414509003443.0
2021-06-15,4405059959906884.5
2021-06-16,4466527724157306.0
2021-06-17,4593209608643537.0
2021-06-18,4746764612328520.0
2021-06-21,4889257269270048.0
2021-06-22,4966854908292208.0
2021-06-23,5096618610573306.0
2021-06-24,5187739140292870.0
2021-06-25,5338441133523650.0
2021-06-28,5426956733729236.0
2021-06-29,5579290380296172.0
2021-06-30,5738062192150696.0
2021-07-01,5947723614374538.0
2021-07-02,6191461383634196.0
2021-07-05,6493080408249840.0
2021-07-06,6716082365589304.0
2021-07-07,7002609921303099.0
2021-07-08,7259576188054114.0
2021-07-09,7579871172942780.0
2021-07-12,7870177103110811.0
2021-07-13,8211221539610782.0
2021-07-14,8752005969303607.0
2021-07-15,9241008040992046.0
2021-07-16,9651271158963204.0
2021-07-19,1.0451756353752384e+16
2021-07-20,1.129474499607529e+16
2021-07-22,1.2083020035673954e+16
2021-07-23,1.2942425947823396e+16
2021-07-26,1.3812545736821864e+16
2021-07-27,1.468163887923336e+16
2021-07-28,1.5840156121573212e+16
2021-07-29,1.7003207329447404e+16
2021-07-30,1.8254367635085372e+16
2021-08-02,1.949186902090121e+16
2021-08-03,2.084896311765606e+16
2021-08-04,2.220767204220433e+16
2021-08-05,2.3237916876988136e+16
2021-08-06,2.4410169169923364e+16
2021-08-09,2.5685464867898276e+16
2021-08-10,2.6877157491271132e+16
2021-08-11,2.8615437238168812e+16
2021-08-12,3.0371966998962184e+16
2021-08-13,3.2326605424595964e+16
2021-08-16,3.505983053040922e+16
2021-08-17,3.751137907442059e+16
2021-08-18,4.075324903440839e+16
2021-08-20,4.421560887361539e+16
2021-08-23,4.822598890815779e+16
2021-08-24,5.26113227294012e+16
2021-08-25,5.689090560122728e+16
2021-08-26,6.3399899692721416e+16
2021-08-27,6.9318290782458664e+16
2021-08-30,7.363835142260675e+16
2021-08-31,7.805100133589822e+16
2021-09-01,8.270889686352163e+16
2021-09-02,8.751577159975334e+16
2021-09-03,9.134697350622432e+16
2021-09-06,9.808010627646864e+16
2021-09-07,1.0420873569212003e+17
2021-09-08,1.1383375629987053e+17
2021-09-09,1.2257652467811162e+17
2021-09-13,1.3042418938220229e+17
2021-09-14,1.3588483544995125e+17
2021-09-15,1.4131712110969891e+17
2021-09-16,1.4597502772046528e+17
2021-09-17,1.510253808650668e+17
2021-09-20,1.6177667438816064e+17
2021-09-21,1.7462678953963658e+17
2021-09-22,1.8864282516814637e+17
2021-09-23,2.0343085808695594e+17
2021-09-24,2.1709513539021267e+17
2021-09-27,2.3742073739917792e+17
2021-09-28,2.5771735124801155e+17
2021-09-29,2.7747585535669056e+17
2021-09-30,3.042836521516282e+17
2021-10-01,3.346525381420033e+17
2021-10-04,3.5634379048966445e+17
2021-10-05,3.690186416315945e+17
2021-10-06,3.8822106109922515e+17
2021-10-07,3.9834390131546835e+17
2021-10-08,4.028336116922037e+17
2021-10-11,4.0578695059500365e+17
2021-10-12,4.000076453301638e+17
2021-10-13,3.9547678946416736e+17
2021-10-14,3.818612351632002e+17
2021-10-18,3.771869207233269e+17
2021-10-19,3.7794347395444736e+17
2021-10-20,3.821341928839338e+17
2021-10-21,3.902990531801122e+17
2021-10-22,4.0712087762126656e+17
2021-10-25,4.3031986851732275e+17
2021-10-26,4.439948109519611e+17
2021-10-27,4.562490297845319e+17
2021-10-28,4.878361770715158e+17
2021-10-29,5.233114000807049e+17
2021-11-01,5.551295652586398e+17
2021-11-02,5.971402930920116e+17
2021-11-03,6.351129639463896e+17
2021-11-04,6.411742714933143e+17
2021-11-08,6.647247780025211e+17
2021-11-09,6.902702674848481e+17
2021-11-10,7.181372935577716e+17
2021-11-11,7.241104020016168e+17
2021-11-12,7.15357351008956e+17
2021-11-15,6.96216515949568e+17
2021-11-16,6.964918860080522e+17
2021-11-17,6.955082081499341e+17
2021-11-18,7.071695210710408e+17
2021-11-22,7.073044409304659e+17
2021-11-23,7.111454982004137e+17
2021-11-24,7.205372899187526e+17
2021-11-25,7.246699441771373e+17
2021-11-26,7.56015274572044e+17
2021-11-29,7.994552448751675e+17
2021-11-30,8.476751274640401e+17
2021-12-01,8.860610182947245e+17
2021-12-02,9.095286713149068e+17
2021-12-03,9.283273740079852e+17
2021-12-06,9.425029859218747e+17
2021-12-07,9.45202636184768e+17
2021-12-08,9.497953066310058e+17
2021-12-09,9.453732038497723e+17
2021-12-10,9.344969128896294e+17
2021-12-13,9.380906674717256e+17
2021-12-14,9.465623642537235e+17
2021-12-15,9.731253740856824e+17
2021-12-16,9.731253740856824e+17
2021-12-17,9.731253740856824e+17
2021-12-20,9.731253740856824e+17
2021-12-21,9.731253740856824e+17
2021-12-22,9.731253740856824e+17
2021-12-23,9.731253740856824e+17
2021-12-24,9.731253740856824e+17
2021-12-27,9.731253740856824e+17
2021-12-28,9.731253740856824e+17
2021-12-29,9.731253740856824e+17
2021-12-30,9.731253740856824e+17
2021-12-31,9.731253740856824e+17
2022-01-03,9.731253740856824e+17
2022-01-04,9.731253740856824e+17
2022-01-05,9.731253740856824e+17
2022-01-06,9.731253740856824e+17
2022-01-07,9.731253740856824e+17
2022-01-10,9.731253740856824e+17
2022-01-11,9.731253740856824e+17
2022-01-12,9.731253740856824e+17
2022-01-13,9.731253740856824e+17
2022-01-14,9.731253740856824e+17
2022-01-17,9.60822222755326e+17
2022-01-18,9.974323816369665e+17
2022-01-19,1.0266309008838853e+18
2022-01-20,1.0798384409385665e+18
2022-01-21,1.1333388638060992e+18
2022-01-24,1.2079130099792215e+18
2022-01-25,1.283579958444722e+18
2022-01-27,1.3978574848219436e+18
2022-01-28,1.5082818099726254e+18
2022-01-31,1.5584011677428739e+18
2022-02-01,1.5858245231645228e+18
2022-02-02,1.5858923433940626e+18
2022-02-03,1.6033274755209485e+18
2022-02-04,1.6076800104743887e+18
2022-02-07,1.6076645336475694e+18
2022-02-08,1.6019601266089114e+18
2022-02-09,1.587492427622616e+18
2022-02-10,1.4911366858191337e+18
2022-02-11,1.453646319399739e+18
2022-02-14,1.453646319399739e+18
2022-02-15,1.453646319399739e+18
2022-02-16,1.453646319399739e+18
2022-02-17,1.453646319399739e+18
2022-02-18,1.453646319399739e+18
2022-02-21,1.453646319399739e+18
2022-02-22,1.453646319399739e+18
2022-02-23,1.453646319399739e+18
2022-02-24,1.453646319399739e+18
2022-02-25,1.453646319399739e+18
2022-02-28,1.453646319399739e+18
2022-03-02,1.453646319399739e+18
2022-03-03,1.453646319399739e+18
2022-03-04,1.453646319399739e+18
2022-03-07,1.453646319399739e+18
2022-03-08,1.453646319399739e+18
2022-03-09,1.453646319399739e+18
2022-03-10,1.453646319399739e+18
2022-03-11,1.453646319399739e+18
2022-03-14,1.453646319399739e+18
2022-03-15,1.453646319399739e+18
2022-03-16,1.453646319399739e+18
2022-03-17,1.453646319399739e+18
2022-03-21,1.453646319399739e+18
2022-03-22,1.453646319399739e+18
2022-03-23,1.453646319399739e+18
2022-03-24,1.453646319399739e+18
2022-03-25,1.453646319399739e+18
2022-03-28,1.453646319399739e+18
2022-03-29,1.453646319399739e+18
2022-03-30,1.453646319399739e+18
2022-03-31,1.453646319399739e+18
2022-04-01,1.453646319399739e+18
2022-04-04,1.453646319399739e+18
2022-04-05,1.453646319399739e+18
2022-04-06,1.453646319399739e+18
2022-04-07,1.453646319399739e+18
2022-04-08,1.453646319399739e+18
2022-04-11,1.453646319399739e+18
2022-04-12,1.453646319399739e+18
2022-04-13,1.453646319399739e+18
2022-04-18,1.453646319399739e+18
2022-04-19,1.453646319399739e+18
2022-04-20,1.453646319399739e+18
2022-04-21,1.453646319399739e+18
2022-04-22,1.453646319399739e+18
2022-04-25,1.453646319399739e+18
2022-04-26,1.453646319399739e+18
2022-04-27,1.453646319399739e+18
2022-04-28,1.3662177727925233e+18
2022-04-29,1.2832959333414643e+18
2022-05-02,1.2614308495943094e+18
2022-05-04,1.2595853917732467e+18
2022-05-05,1.2595853917732467e+18
2022-05-06,1.2595853917732467e+18
2022-05-09,1.2595853917732467e+18
2022-05-10,1.2595853917732467e+18
2022-05-11,1.2595853917732467e+18
2022-05-12,1.2595853917732467e+18
2022-05-13,1.2595853917732467e+18
2022-05-16,1.2595853917732467e+18
2022-05-17,1.2595853917732467e+18
2022-05-18,1.2595853917732467e+18
2022-05-19,1.2595853917732467e+18
2022-05-20,1.2595853917732467e+18
2022-05-23,1.2595853917732467e+18
2022-05-24,1.2595853917732467e+18
2022-05-25,1.2595853917732467e+18
2022-05-26,1.2595853917732467e+18
2022-05-27,1.2595853917732467e+18
2022-05-30,1.2595853917732467e+18
2022-05-31,1.2595853917732467e+18
2022-06-01,1.2595853917732467e+18
2022-06-02,1.2595853917732467e+18
2022-06-03,1.2595853917732467e+18
2022-06-06,1.2595853917732467e+18
2022-06-07,1.2595853917732467e+18
2022-06-08,1.2595853917732467e+18
2022-06-09,1.2595853917732467e+18
2022-06-10,1.2595853917732467e+18
2022-06-13,1.2595853917732467e+18
2022-06-14,1.2595853917732467e+18
2022-06-15,1.2595853917732467e+18
2022-06-16,1.2595853917732467e+18
2022-06-17,1.2595853917732467e+18
2022-06-20,1.2595853917732467e+18
2022-06-21,1.2595853917732467e+18
2022-06-22,1.2595853917732467e+18
2022-06-23,1.2595853917732467e+18
2022-06-24,1.2595853917732467e+18
2022-06-27,1.2595853917732467e+18
2022-06-28,1.2595853917732467e+18
2022-06-29,1.2595853917732467e+18
2022-06-30,1.2595853917732467e+18
2022-07-01,1.2595853917732467e+18
2022-07-04,1.2595853917732467e+18
2022-07-05,1.2595853917732467e+18
2022-07-06,1.2595853917732467e+18
2022-07-07,1.2595853917732467e+18
2022-07-08,1.2595853917732467e+18
2022-07-11,1.2595853917732467e+18
2022-07-12,1.2595853917732467e+18
2022-07-13,1.2595853917732467e+18
2022-07-14,1.2595853917732467e+18
2022-07-15,1.2595853917732467e+18
2022-07-18,1.2595853917732467e+18
2022-07-19,1.2595853917732467e+18
2022-07-20,1.2595853917732467e+18
2022-07-21,1.2595853917732467e+18
2022-07-22,1.2595853917732467e+18
2022-07-25,1.2595853917732467e+18
2022-07-26,1.2595853917732467e+18
2022-07-27,1.2595853917732467e+18
2022-07-28,1.3417234271003374e+18
2022-07-29,1.415795191435482e+18
2022-08-01,1.512108219837883e+18
2022-08-02,1.6101976656429005e+18
2022-08-03,1.6967108696509747e+18
2022-08-04,1.781728206982289e+18
2022-08-05,1.8831813234461184e+18
2022-08-08,1.9537267075624118e+18
2022-08-10,1.9998207089029386e+18
2022-08-11,2.0506961520727772e+18
2022-08-12,2.0816820181929157e+18
2022-08-16,2.1247550966082173e+18
2022-08-17,2.171140136414813e+18
2022-08-18,2.1886136164625508e+18
2022-08-19,2.2676747566538568e+18
2022-08-22,2.393562753735797e+18
2022-08-23,2.478714575710827e+18
2022-08-24,2.5762623968127903e+18
2022-08-25,2.7219116662598354e+18
2022-08-26,2.8540577579786624e+18
2022-08-29,3.0588328127842196e+18
2022-08-30,3.15767052954963e+18
2022-09-01,3.2772059142611277e+18
2022-09-02,3.3425815859042406e+18
2022-09-05,3.3982044946176323e+18
2022-09-06,3.5367949798261786e+18
2022-09-07,3.706200131925634e+18
2022-09-08,3.8136905614009585e+18
2022-09-09,3.893996370982747e+18
2022-09-12,3.820853452107778e+18
2022-09-13,3.775980418586841e+18
2022-09-14,3.71294855752473e+18
2022-09-15,3.65671759487884e+18
2022-09-16,3.6550879390780954e+18
2022-09-19,3.654159951320031e+18
2022-09-20,3.644578370293278e+18
2022-09-21,3.7337028655560796e+18
2022-09-22,3.7766315018898524e+18
2022-09-23,3.8748943962313457e+18
2022-09-26,3.9863604603116093e+18
2022-09-27,4.110997419149902e+18
2022-09-28,4.359558540137325e+18
2022-09-29,4.5494339951871544e+18
2022-09-30,4.638009814539438e+18
2022-10-03,4.854233935302794e+18
2022-10-04,5.039086878118017e+18
2022-10-06,5.173642329658096e+18
2022-10-07,5.284775218395758e+18
2022-10-10,5.483547423761008e+18
2022-10-11,5.775231984527986e+18
2022-10-12,6.023197037923433e+18
2022-10-13,6.321934087176812e+18
2022-10-14,6.62156903969012e+18
2022-10-17,7.081610997229893e+18
2022-10-18,7.397902881957635e+18
2022-10-19,7.813077763274233e+18
2022-10-20,8.183020208089431e+18
2022-10-21,8.836230611759214e+18
2022-10-24,9.37121772787535e+18
2022-10-25,9.840425616197423e+18
2022-10-27,1.0252676255803294e+19
2022-10-28,1.0715990137581283e+19
2022-10-31,1.1117384217615909e+19
2022-11-01,1.1382889380549239e+19
2022-11-02,1.1527343007574815e+19
2022-11-03,1.166525234262233e+19
2022-11-04,1.167493640455986e+19
2022-11-07,1.1717136150186873e+19
2022-11-09,1.1834504720340603e+19
2022-11-10,1.2079837208976495e+19
2022-11-11,1.2306185606461815e+19
2022-11-14,1.2573699239145478e+19
2022-11-15,1.2955100672695052e+19
2022-11-16,1.3537358404298529e+19
2022-11-17,1.4322682009942977e+19
2022-11-18,1.5269664527760507e+19
2022-11-21,1.646797715663858e+19
2022-11-22,1.7591276720444295e+19
2022-11-23,1.8734212105632883e+19
2022-11-24,1.9898620731088384e+19
2022-11-25,2.07782259785178e+19
2022-11-28,2.168762248981764e+19
2022-11-29,2.2688778412801286e+19
2022-11-30,2.3521956702666547e+19
2022-12-01,2.4308320030655197e+19
2022-12-02,2.481047313487241e+19
2022-12-05,2.526173427967658e+19
2022-12-06,2.565789503489598e+19
2022-12-07,2.5790970608873968e+19
2022-12-08,2.5367212641106276e+19
2022-12-09,2.4720914549385527e+19
2022-12-12,2.4315024334938354e+19
2022-12-13,2.399292677537265e+19
2022-12-14,2.3470452841906844e+19
2022-12-15,2.3320384480769155e+19
2022-12-16,2.3514785419417805e+19
2022-12-19,2.3769918019880157e+19
2022-12-20,2.4037490594554847e+19
2022-12-21,2.4372261887025406e+19
2022-12-22,2.4979511358889247e+19
2022-12-23,2.6434413180387635e+19
2022-12-26,2.750907423193491e+19
2022-12-27,2.8316142066856665e+19
2022-12-28,2.9325515049480966e+19
2022-12-29,3.029055282564808e+19
2022-12-30,3.111924843324059e+19
2023-01-02,3.1607265741734785e+19
2023-01-03,3.255934507871933e+19
2023-01-04,3.4652599611738497e+19
2023-01-05,3.4652599611738497e+19
2023-01-06,3.4652599611738497e+19
2023-01-09,3.4652599611738497e+19
2023-01-10,3.4652599611738497e+19
2023-01-11,3.4652599611738497e+19
2023-01-12,3.4652599611738497e+19
2023-01-13,3.4652599611738497e+19
2023-01-16,3.4652599611738497e+19
2023-01-17,3.4652599611738497e+19
2023-01-18,3.4652599611738497e+19
2023-01-19,3.4652599611738497e+19
2023-01-20,3.4652599611738497e+19
2023-01-23,3.4652599611738497e+19
2023-01-24,3.4652599611738497e+19
2023-01-25,3.4652599611738497e+19
2023-01-27,3.4652599611738497e+19
2023-01-30,3.4652599611738497e+19
2023-01-31,3.4652599611738497e+19
2023-02-01,3.4652599611738497e+19
2023-02-02,3.4652599611738497e+19
2023-02-03,3.4652599611738497e+19
2023-02-06,3.4652599611738497e+19
2023-02-07,3.4652599611738497e+19
2023-02-08,3.4652599611738497e+19
2023-02-09,3.4652599611738497e+19
2023-02-10,3.4652599611738497e+19
2023-02-13,3.4652599611738497e+19
2023-02-14,3.4652599611738497e+19
2023-02-15,3.4652599611738497e+19
2023-02-16,3.4652599611738497e+19
2023-02-17,3.4652599611738497e+19
2023-02-20,3.4652599611738497e+19
2023-02-21,3.4652599611738497e+19
2023-02-22,3.4652599611738497e+19
2023-02-23,3.4652599611738497e+19
2023-02-24,3.4652599611738497e+19
2023-02-27,3.4652599611738497e+19
2023-02-28,3.4652599611738497e+19
2023-03-01,3.4652599611738497e+19
2023-03-02,3.4652599611738497e+19
2023-03-03,3.4652599611738497e+19
2023-03-06,3.4652599611738497e+19
2023-03-08,3.4652599611738497e+19
2023-03-09,3.4652599611738497e+19
2023-03-10,3.4652599611738497e+19
2023-03-13,3.4652599611738497e+19
2023-03-14,3.4652599611738497e+19
2023-03-15,3.4652599611738497e+19
2023-03-16,3.4652599611738497e+19
2023-03-17,3.4652599611738497e+19
2023-03-20,3.4652599611738497e+19
2023-03-21,3.4652599611738497e+19
2023-03-22,3.4652599611738497e+19
2023-03-23,3.4652599611738497e+19
2023-03-24,3.4652599611738497e+19
2023-03-27,3.4652599611738497e+19
2023-03-28,3.4652599611738497e+19
2023-03-29,3.4652599611738497e+19
2023-03-31,3.4652599611738497e+19
2023-04-03,3.4652599611738497e+19
2023-04-05,3.4652599611738497e+19
2023-04-06,3.4652599611738497e+19
2023-04-10,3.4652599611738497e+19
2023-04-11,3.4652599611738497e+19
2023-04-12,3.4652599611738497e+19
2023-04-13,3.4652599611738497e+19
2023-04-17,3.4652599611738497e+19
2023-04-18,3.4652599611738497e+19
2023-04-19,3.4652599611738497e+19
2023-04-20,3.4652599611738497e+19
2023-04-21,3.4652599611738497e+19
2023-04-24,3.4652599611738497e+19
2023-04-25,3.4652599611738497e+19
2023-04-26,3.4652599611738497e+19
2023-04-27,3.4652599611738497e+19
2023-04-28,3.4652599611738497e+19
2023-05-02,3.4652599611738497e+19
2023-05-03,3.5399950509230555e+19
2023-05-04,3.6252103062690857e+19
2023-05-05,3.704201200260594e+19
2023-05-08,3.787857139805087e+19
2023-05-09,3.9649562760922464e+19
2023-05-10,4.134796714745437e+19
2023-05-11,4.27923257660282e+19
2023-05-12,4.450504320564487e+19
2023-05-15,4.650528329440794e+19
2023-05-16,4.863758478846529e+19
2023-05-17,5.087636709457383e+19
2023-05-18,5.381423399076852e+19
2023-05-19,5.784431037782574e+19
2023-05-22,6.0918605694081e+19
2023-05-23,6.496062232197801e+19
2023-05-24,6.975412519971036e+19
2023-05-25,7.451046261026536e+19
2023-05-26,7.753555604100481e+19
2023-05-29,8.006680879328557e+19
2023-05-30,8.241215079034608e+19
2023-05-31,8.639942274786352e+19
2023-06-01,9.084865588232015e+19
2023-06-02,9.65106103990204e+19
2023-06-05,1.0121361272490869e+20
2023-06-06,1.0690312881529327e+20
2023-06-07,1.1200588118539221e+20
2023-06-08,1.1586541465456129e+20
2023-06-09,1.2116539698161505e+20
2023-06-12,1.2611438607306567e+20
2023-06-13,1.3104453925388478e+20
2023-06-14,1.3636814784903574e+20
2023-06-15,1.428221677633213e+20
2023-06-16,1.4733436608839465e+20
2023-06-19,1.5326975064408546e+20
2023-06-20,1.6031933827478752e+20
2023-06-21,1.6776297730817026e+20
2023-06-22,1.7595017518276978e+20
2023-06-23,1.82273083453053e+20
2023-06-26,1.8755267590924858e+20
2023-06-27,1.930285472187324e+20
2023-06-28,1.9673020843536587e+20
2023-06-30,2.0206997518298536e+20
2023-07-03,2.1067220675323773e+20
2023-07-04,2.176700074656475e+20
2023-07-05,2.2481416308823205e+20
2023-07-06,2.320567582593177e+20
2023-07-07,2.400592659274673e+20
2023-07-10,2.4615687684146725e+20
2023-07-11,2.5547899825153973e+20
2023-07-12,2.6613511843863344e+20
2023-07-13,2.767474020265045e+20
2023-07-14,2.8669265153999202e+20
2023-07-17,2.994557997477064e+20
2023-07-18,3.1071718099895504e+20
2023-07-19,3.155565061387689e+20
2023-07-20,3.205554426430571e+20
2023-07-21,3.28434811905404e+20
2023-07-24,3.38618948694431e+20
2023-07-25,3.482983482153088e+20
2023-07-26,3.596924332977925e+20
2023-07-27,3.6744717167363994e+20
2023-07-28,3.7705629390720473e+20
2023-07-31,3.812136332191361e+20
2023-08-01,3.84807769882188e+20
2023-08-02,3.943873388847331e+20
2023-08-03,4.055807873031247e+20
2023-08-04,4.1585206291942113e+20
2023-08-07,4.286959086335977e+20
2023-08-08,4.415573035188116e+20
2023-08-09,4.4654257743346486e+20
2023-08-10,4.528314649797583e+20
2023-08-11,4.666950280488689e+20
2023-08-14,4.7787531340909085e+20
2023-08-16,4.876732279385823e+20
2023-08-17,5.0115944112194126e+20
2023-08-18,5.3064512601978025e+20
2023-08-21,5.65700949015767e+20
2023-08-22,6.056506389352014e+20
2023-08-23,6.417777302522494e+20
2023-08-24,6.84930941275214e+20
2023-08-25,7.460251528419874e+20
2023-08-28,8.231931111706965e+20
2023-08-29,8.757000797702371e+20
2023-08-30,9.379772881298926e+20
2023-08-31,1.0221334451186063e+21
2023-09-01,1.0955382505871299e+21
2023-09-04,1.165406540568239e+21
2023-09-05,1.2246870154953446e+21
2023-09-06,1.2753290902860747e+21
2023-09-07,1.3166485673054228e+21
2023-09-08,1.3453850459934847e+21
2023-09-11,1.3663577103136396e+21
2023-09-12,1.4100329303961947e+21
2023-09-13,1.4342855732978068e+21
2023-09-14,1.451983359489903e+21
2023-09-15,1.4642348413303818e+21
2023-09-18,1.458866920695041e+21
2023-09-20,1.4586116115114028e+21
2023-09-21,1.4910337108839705e+21
2023-09-22,1.5046140019233815e+21
2023-09-25,1.530161933383742e+21
2023-09-26,1.5641461753337684e+21
2023-09-27,1.604611757589565e+21
2023-09-28,1.6635096986644817e+21
2023-09-29,1.7101186601540316e+21
2023-10-03,1.78140671801096e+21
2023-10-04,1.8586568261851155e+21
2023-10-05,1.9226724968866185e+21
2023-10-06,1.99439653290747e+21
2023-10-09,2.0459544230107858e+21
2023-10-10,2.0642642005789977e+21
2023-10-11,2.0395870159825543e+21
2023-10-12,2.0439223805210633e+21
2023-10-13,2.0304807956286695e+21
2023-10-16,2.0250621401545724e+21
2023-10-17,1.991967551036783e+21
2023-10-18,1.9841330369220308e+21
2023-10-19,1.9825322213593737e+21
2023-10-20,2.0136659995591466e+21
2023-10-23,2.0672332007716275e+21
2023-10-25,2.1578630692993583e+21
2023-10-26,2.2940998758918938e+21
2023-10-27,2.4046590271376327e+21
2023-10-30,2.526092683349987e+21
2023-10-31,2.68372114702632e+21
2023-11-01,2.8816899921321274e+21
2023-11-02,3.070414408963794e+21
2023-11-03,3.276249640072457e+21
2023-11-06,3.440608563713022e+21
2023-11-07,3.578111241981599e+21
2023-11-08,3.774981660710128e+21
2023-11-09,3.982097895476937e+21
2023-11-10,4.213635492618591e+21
2023-11-13,4.512593467322035e+21
2023-11-15,4.824496616436695e+21
2023-11-16,5.119494627020511e+21
2023-11-17,5.524956110038708e+21
2023-11-20,6.214053778141693e+21
2023-11-21,7.035290170757628e+21
2023-11-22,8.144903304415547e+21
2023-11-23,9.296009800890406e+21
2023-11-24,1.0488371068468296e+22
2023-11-28,1.1706339879716011e+22
2023-11-29,1.2966782490639268e+22
2023-11-30,1.4526516585850974e+22
2023-12-01,1.5994411082200425e+22
2023-12-04,1.7487088018721943e+22
2023-12-05,1.8445455467238398e+22
2023-12-06,1.8857418549267362e+22
2023-12-07,1.950047009558773e+22
2023-12-08,2.03125199459513e+22
2023-12-11,2.152309815029468e+22
2023-12-12,2.2997217052620304e+22
2023-12-13,2.441180767857844e+22
2023-12-14,2.5754276485628586e+22
2023-12-15,2.707558400746907e+22
2023-12-18,2.873241091337709e+22
2023-12-19,3.001375730650494e+22
2023-12-20,3.2395532650886208e+22
2023-12-21,3.507707857271316e+22
2023-12-22,3.7132753234561442e+22
2023-12-26,3.83364984158483e+22
2023-12-27,3.856041774046321e+22
2023-12-28,3.8661442967404e+22
2023-12-29,3.81744385703639e+22
2024-01-01,3.781351824838907e+22
2024-01-02,3.771117935053061e+22
2024-01-03,3.713506971000255e+22
2024-01-04,3.5840809018780885e+22
2024-01-05,3.495410256052183e+22
2024-01-08,3.451708002965828e+22
2024-01-09,3.4553234051834774e+22
2024-01-10,3.4622766690117842e+22
2024-01-11,3.5553195344338147e+22
2024-01-12,3.526577430166333e+22
2024-01-15,3.5396450266015733e+22
2024-01-16,3.612570311811951e+22
2024-01-17,3.787188769229586e+22
2024-01-18,4.061246290457076e+22
2024-01-19,4.307370422029932e+22
2024-01-23,4.659566632202222e+22
2024-01-24,4.806794111173121e+22
2024-01-25,5.013885174062963e+22
2024-01-29,5.022236952929556e+22
2024-01-30,4.997134874000064e+22
2024-01-31,5.023490625163275e+22
2024-02-01,4.977871753965519e+22
2024-02-02,5.03465737788085e+22
2024-02-05,5.205243878854796e+22
2024-02-06,5.235190116753263e+22
2024-02-07,5.213913831023482e+22
2024-02-08,5.3691071553631005e+22
2024-02-09,5.5645692226065974e+22
2024-02-12,5.731374716495536e+22
2024-02-13,5.730168165652882e+22
2024-02-14,5.711401486258033e+22
2024-02-15,5.718223952301666e+22
2024-02-16,5.8059898985450884e+22
2024-02-19,5.754334684411779e+22
2024-02-20,5.6880197052795785e+22
2024-02-21,5.833882940171713e+22
2024-02-22,5.846898937861401e+22
2024-02-23,5.766502365662864e+22
2024-02-26,5.650407445294489e+22
2024-02-27,5.345484507814154e+22
2024-02-28,5.21708423173271e+22
2024-02-29,5.132854175110623e+22
2024-03-01,4.92975813254986e+22
2024-03-04,4.742858520537486e+22
2024-03-05,4.5438420527398615e+22
2024-03-06,4.348733376371786e+22
2024-03-07,4.218623079711101e+22
2024-03-11,4.04821100772606e+22
2024-03-12,3.933826449764495e+22
2024-03-13,4.047086029357555e+22
2024-03-14,4.053888648880497e+22
2024-03-15,4.236492435020259e+22
2024-03-18,4.458014917284008e+22
2024-03-19,4.699220762234384e+22
2024-03-20,4.980305017996213e+22
2024-03-21,5.2305265575887894e+22
2024-03-22,5.367118047172411e+22
2024-03-26,5.575805900114569e+22
2024-03-27,5.743190932511557e+22
2024-03-28,5.754226059551192e+22
2024-04-01,5.726821881349498e+22
2024-04-02,5.632719813665696e+22
2024-04-03,5.571264149349657e+22
2024-04-04,5.542883681041684e+22
2024-04-05,5.491217306643222e+22
2024-04-08,5.416518852620627e+22
2024-04-09,5.463402452569939e+22
2024-04-10,5.39573011652882e+22
2024-04-12,5.402079079858473e+22
2024-04-15,5.455147197394352e+22
2024-04-16,5.543280752925022e+22
2024-04-18,5.784523978542611e+22
2024-04-19,5.886396301375305e+22
2024-04-22,5.834074687313212e+22
2024-04-23,5.947021133340455e+22
2024-04-24,5.760962895429831e+22
2024-04-25,5.607632994493362e+22
2024-04-26,5.519087305922837e+22
2024-04-29,5.463152336775192e+22
2024-04-30,5.517970222485046e+22
2024-05-02,5.5723559242989625e+22
2024-05-03,5.660448242569122e+22
2024-05-06,5.775883332583282e+22
2024-05-07,5.902281227464685e+22
2024-05-08,6.137983092960574e+22
2024-05-09,6.410533714997083e+22
2024-05-10,6.600631133274486e+22
2024-05-13,6.772162465137603e+22
2024-05-14,6.81718406385644e+22
2024-05-15,6.7764047346733544e+22
2024-05-16,6.764452259371613e+22
2024-05-17,6.8285537259024315e+22
2024-05-21,6.33985698451748e+22
2024-05-22,6.21243179979331e+22
2024-05-23,6.1597386037789746e+22
2024-05-24,6.268319781734947e+22
2024-05-27,6.33396543076595e+22
2024-05-28,6.4002299941136435e+22
2024-05-29,6.553359786085722e+22
2024-05-30,6.9141924270065284e+22
2024-05-31,7.372534832880125e+22
2024-06-03,7.528109276742042e+22
2024-06-04,8.028382588005289e+22
2024-06-05,8.311940340546173e+22
2024-06-06,8.527999058437589e+22
2024-06-07,8.563355940972176e+22
2024-06-10,8.560141213258954e+22
2024-06-11,8.49367014749778e+22
2024-06-12,8.629125338992442e+22
2024-06-13,8.716218918650048e+22
2024-06-14,8.730116879341226e+22
2024-06-18,8.762258895218938e+22
2024-06-19,8.812284757484712e+22
2024-06-20,8.927871870471834e+22
2024-06-21,9.079439565198562e+22
2024-06-24,9.014482170415068e+22
2024-06-25,9.042752972465624e+22
2024-06-26,9.072070339621245e+22
2024-06-27,8.996259352757084e+22
2024-06-28,8.846866777079387e+22
2024-07-01,9.008787978499896e+22
2024-07-02,9.13088812427556e+22
2024-07-03,9.362530721265688e+22
2024-07-04,9.309617274704361e+22
2024-07-05,9.126526505791398e+22
2024-07-08,9.234520593161125e+22
2024-07-09,9.21964406785211e+22
2024-07-10,9.046745274487373e+22
2024-07-11,8.910643852056038e+22
2024-07-12,8.970634746541277e+22
2024-07-15,9.051565367000475e+22
2024-07-16,9.141614685800616e+22
2024-07-18,9.000142818575817e+22
2024-07-19,9.148488869049459e+22
2024-07-22,9.04905515040051e+22
2024-07-23,8.921194786392886e+22
2024-07-24,8.871694873469471e+22
2024-07-25,8.70657030883174e+22
2024-07-26,8.402932797613298e+22
2024-07-29,8.128435513030277e+22
2024-07-30,7.837396566474583e+22
2024-07-31,7.608589142787607e+22
2024-08-01,7.485482648424316e+22
2024-08-02,7.505303351823756e+22
2024-08-05,7.796967383778108e+22
2024-08-06,8.168288413642616e+22
2024-08-07,8.442849790559551e+22
2024-08-08,8.68141427016755e+22
2024-08-09,9.172191334680291e+22
2024-08-12,9.437084454098484e+22
2024-08-13,9.610323087327292e+22
2024-08-14,9.961011081095042e+22
2024-08-16,1.0000958070455035e+23
2024-08-19,1.0095589451945222e+23
2024-08-20,1.0134114355906148e+23
2024-08-21,1.003742591138366e+23
2024-08-22,1.0056289050901788e+23
2024-08-23,9.931632880388813e+22
2024-08-26,9.904862469523041e+22
2024-08-27,9.852463570305086e+22
2024-08-28,9.832667950686892e+22
2024-08-29,9.863894666834137e+22
2024-08-30,9.846688361742046e+22
2024-09-02,9.864359548902431e+22
2024-09-03,9.933012417691355e+22
2024-09-04,9.99091085904171e+22
2024-09-05,1.0006811684350425e+23
2024-09-06,1.0170201112023281e+23
2024-09-09,1.0545063178572573e+23
2024-09-10,1.070361944574645e+23
2024-09-11,1.0947358594681266e+23
2024-09-12,1.1269859617094457e+23
2024-09-13,1.1595186767767971e+23
2024-09-16,1.1617442110846145e+23
2024-09-17,1.1706811738360075e+23
2024-09-18,1.147475106040702e+23
2024-09-19,1.119534591178469e+23
2024-09-20,1.0847070028940067e+23
2024-09-23,1.0543791617138932e+23
2024-09-24,1.0220259349086895e+23
2024-09-25,1.0005200634986618e+23
2024-09-26,9.829983400223495e+22
2024-09-27,9.462481310133816e+22
2024-09-30,9.268505291629627e+22
2024-10-01,9.006800646660257e+22
2024-10-03,8.756289711687095e+22
2024-10-04,8.644689367497429e+22
2024-10-07,8.545058581857294e+22
2024-10-08,8.275289405608834e+22
2024-10-09,7.92611056170283e+22
2024-10-10,7.642639423628022e+22
2024-10-11,7.268797737124198e+22
2024-10-14,7.006949481212377e+22
2024-10-15,6.53437136874221e+22
2024-10-16,6.200769169953787e+22
2024-10-17,5.996019634641032e+22
2024-10-18,5.7715089939955414e+22
2024-10-21,5.50256523914402e+22
2024-10-22,5.4025936771061515e+22
2024-10-23,5.295005991883079e+22
2024-10-24,5.234572859348014e+22
2024-10-25,5.2680190802615295e+22
2024-10-28,5.166026379626201e+22
2024-10-29,5.0016758845595665e+22
2024-10-30,4.714504039299821e+22
2024-10-31,4.50526784296443e+22
2024-11-01,4.295582001901387e+22
2024-11-04,4.1121318751928255e+22
2024-11-05,4.1121318751928255e+22
2024-11-06,4.1121318751928255e+22
2024-11-07,4.1121318751928255e+22
2024-11-08,4.1121318751928255e+22
2024-11-11,4.1121318751928255e+22
2024-11-12,4.1121318751928255e+22
2024-11-13,4.1121318751928255e+22
2024-11-14,4.1121318751928255e+22
2024-11-18,4.1121318751928255e+22
2024-11-19,4.1121318751928255e+22
2024-11-21,4.1121318751928255e+22
2024-11-22,4.1121318751928255e+22
2024-11-25,4.1121318751928255e+22
2024-11-26,4.1121318751928255e+22
2024-11-27,4.1121318751928255e+22
2024-11-28,4.1121318751928255e+22
2024-11-29,4.1121318751928255e+22
2024-12-02,4.1121318751928255e+22
2024-12-03,4.1121318751928255e+22
2024-12-04,4.1121318751928255e+22
2024-12-05,4.1121318751928255e+22
2024-12-06,4.1121318751928255e+22
2024-12-09,4.1121318751928255e+22
2024-12-10,4.1121318751928255e+22
2024-12-11,4.1121318751928255e+22
2024-12-12,4.1121318751928255e+22
2024-12-13,4.1121318751928255e+22
2024-12-16,4.1121318751928255e+22
2024-12-17,4.1121318751928255e+22
2024-12-18,4.1121318751928255e+22
2024-12-19,4.1121318751928255e+22
2024-12-20,4.1121318751928255e+22
2024-12-23,4.1121318751928255e+22
2024-12-24,4.1121318751928255e+22
2024-12-26,4.1121318751928255e+22
2024-12-27,4.1121318751928255e+22
2024-12-30,4.1121318751928255e+22
2024-12-31,4.1121318751928255e+22
2025-01-01,4.1121318751928255e+22
2025-01-02,4.1121318751928255e+22
2025-01-03,4.1121318751928255e+22
2025-01-06,4.1121318751928255e+22
2025-01-07,4.1121318751928255e+22
2025-01-08,4.1121318751928255e+22
2025-01-09,4.1121318751928255e+22
2025-01-10,4.1121318751928255e+22
2025-01-13,4.1121318751928255e+22
2025-01-14,4.1121318751928255e+22
2025-01-15,4.1121318751928255e+22
2025-01-16,4.1121318751928255e+22
2025-01-17,4.1121318751928255e+22
2025-01-20,4.1121318751928255e+22
2025-01-21,4.1121318751928255e+22
2025-01-22,4.1121318751928255e+22
2025-01-23,4.1121318751928255e+22
2025-01-24,4.1121318751928255e+22
2025-01-27,4.1121318751928255e+22
2025-01-28,4.1121318751928255e+22
2025-01-29,4.1121318751928255e+22
2025-01-30,4.1121318751928255e+22
2025-01-31,4.1121318751928255e+22
2025-02-01,4.1121318751928255e+22
2025-02-03,4.1121318751928255e+22
2025-02-04,4.1121318751928255e+22
2025-02-05,4.1121318751928255e+22
2025-02-06,4.1121318751928255e+22
2025-02-07,4.1121318751928255e+22
2025-02-10,4.1121318751928255e+22
2025-02-11,4.1121318751928255e+22
2025-02-12,4.1121318751928255e+22
2025-02-13,4.1121318751928255e+22
2025-02-14,4.1121318751928255e+22
2025-02-17,4.1121318751928255e+22
2025-02-18,4.1121318751928255e+22
2025-02-19,4.1121318751928255e+22
2025-02-20,4.1121318751928255e+22
2025-02-21,4.1121318751928255e+22
2025-02-24,4.1121318751928255e+22
2025-02-25,4.1121318751928255e+22
2025-02-27,4.1121318751928255e+22
2025-02-28,4.1121318751928255e+22
2025-03-03,4.1121318751928255e+22
2025-03-04,4.1121318751928255e+22
2025-03-05,4.1121318751928255e+22
2025-03-06,4.1121318751928255e+22
2025-03-07,4.1121318751928255e+22
2025-03-10,4.1121318751928255e+22
2025-03-11,4.1121318751928255e+22
2025-03-12,4.1121318751928255e+22
2025-03-13,4.1121318751928255e+22
2025-03-17,4.1121318751928255e+22
2025-03-18,4.1121318751928255e+22
2025-03-19,4.1121318751928255e+22
2025-03-20,4.1121318751928255e+22
2025-03-21,4.1121318751928255e+22
2025-03-24,4.1121318751928255e+22
2025-03-25,4.1121318751928255e+22
2025-03-26,4.1121318751928255e+22
2025-03-27,4.1121318751928255e+22
2025-03-28,4.1121318751928255e+22
2025-04-01,4.1121318751928255e+22
2025-04-02,4.1121318751928255e+22
2025-04-03,4.1121318751928255e+22
2025-04-04,4.1121318751928255e+22
2025-04-07,4.1121318751928255e+22
2025-04-08,4.1121318751928255e+22
2025-04-09,4.1121318751928255e+22
2025-04-11,4.1121318751928255e+22
2025-04-15,4.1121318751928255e+22
2025-04-16,4.1121318751928255e+22
2025-04-17,4.1121318751928255e+22
2025-04-21,4.1121318751928255e+22
2025-04-22,4.1121318751928255e+22
2025-04-23,4.1121318751928255e+22
2025-04-24,4.1121318751928255e+22
2025-04-25,4.1121318751928255e+22
2025-04-28,4.1121318751928255e+22
2025-04-29,4.1121318751928255e+22
2025-04-30,4.1121318751928255e+22
2025-05-02,4.1121318751928255e+22
2025-05-05,4.1121318751928255e+22
2025-05-06,4.171262515790848e+22
2025-05-07,4.290650839804737e+22
2025-05-08,4.460612202936054e+22
2025-05-09,4.6241056870092035e+22
2025-05-12,4.7171939263659825e+22
2025-05-13,4.784892269692187e+22
2025-05-14,4.735109798712516e+22
2025-05-15,4.643835646380783e+22
2025-05-16,4.538603293258459e+22
2025-05-19,4.436038488136328e+22
2025-05-20,4.372931812037225e+22
2025-05-21,4.285091409228683e+22
2025-05-22,4.262919498300999e+22
2025-05-23,4.2951226074764744e+22
2025-05-26,4.440184218886187e+22
2025-05-27,4.524041704772874e+22
2025-05-28,4.531376250532299e+22
2025-05-29,4.54937606275748e+22
2025-05-30,4.541054986608899e+22
2025-06-02,4.580274503439422e+22
2025-06-03,4.577087356292159e+22
2025-06-04,4.606437690859626e+22
2025-06-05,4.644126621619665e+22
2025-06-06,4.629734176988518e+22
2025-06-09,4.574833146972466e+22
2025-06-10,4.545472370923398e+22
2025-06-11,4.518594990289379e+22
2025-06-12,4.5797109677240745e+22
2025-06-13,4.684366809415652e+22
2025-06-16,4.756983276976831e+22
2025-06-17,4.895221189293637e+22
2025-06-18,4.995054680723946e+22
2025-06-19,5.070205122495141e+22
2025-06-20,5.125852702666268e+22
2025-06-23,5.213159648150323e+22
2025-06-24,5.311593397969003e+22
2025-06-25,5.3940525078733405e+22
2025-06-26,5.304260418577564e+22
2025-06-27,5.160504963418318e+22
2025-06-30,5.063849224577613e+22
2025-07-01,4.971051951462755e+22
2025-07-02,4.925373036027654e+22
2025-07-03,4.874495384088256e+22
2025-07-04,4.751059595566931e+22
2025-07-07,4.651924057812905e+22
2025-07-08,4.581818431404071e+22
2025-07-09,4.513983201570625e+22
2025-07-10,4.480961150691846e+22
2025-07-11,4.4179214293661e+22
2025-07-14,4.296818615230572e+22
2025-07-15,4.097775748657823e+22
2025-07-16,3.9342647039554885e+22
2025-07-17,3.778141560403553e+22
2025-07-18,3.6204160710901833e+22
2025-07-21,3.5061316604403233e+22
2025-07-22,3.3929676939693375e+22
2025-07-23,3.2365432317374187e+22
2025-07-24,3.135916081813952e+22
2025-07-25,3.036449450189357e+22
2025-07-28,2.9779713138801506e+22
2025-07-29,2.9819256783902033e+22
2025-07-30,2.970906309926804e+22
2025-07-31,2.980558632422669e+22
2025-08-01,3.09777065811269e+22
2025-08-04,3.1273496305182645e+22
2025-08-05,3.162287493487531e+22
2025-08-06,3.2404758151855035e+22
2025-08-07,3.292532571824445e+22
2025-08-08,3.3972586834195212e+22
2025-08-11,3.447663086461062e+22
2025-08-12,3.4804841586274437e+22
2025-08-13,3.475525766059932e+22
2025-08-14,3.493837734248872e+22
2025-08-18,3.423617506065703e+22
2025-08-19,3.431314866953748e+22
2025-08-20,3.4236732313025018e+22
2025-08-21,3.393465272904922e+22
2025-08-22,3.3397652275762834e+22
2025-08-25,3.3417596199409554e+22
2025-08-26,3.4386951876558786e+22
2025-08-28,3.514629267289507e+22
2025-08-29,3.5859477258445018e+22
2025-09-01,3.615228302095653e+22
2025-09-02,3.640770747440732e+22
2025-09-03,3.6778557087015642e+22
2025-09-04,3.7603575026757596e+22
2025-09-05,3.783265172788475e+22
2025-09-08,3.791132508670762e+22
2025-09-09,3.758172540411817e+22
2025-09-10,3.734482473792366e+22
2025-09-11,3.6795044465719256e+22
2025-09-12,3.576791743030318e+22
2025-09-15,3.5011247553336366e+22
2025-09-16,3.422814309398927e+22
2025-09-17,3.3545345011190407e+22
2025-09-18,3.284967022445989e+22
2025-09-19,3.2368990224603224e+22
2025-09-22,3.2014737632963345e+22
2025-09-23,3.171372813109366e+22
2025-09-24,3.1785369046374353e+22
2025-09-25,3.24614625937216e+22
2025-09-26,3.3500226941261403e+22
2025-09-29,3.437458249549652e+22
2025-09-30,3.5018417008203715e+22
2025-10-01,3.5827800677830376e+22
2025-10-03,3.6103810012824985e+22
2025-10-06,3.64850083773515e+22
2025-10-07,3.671809828156002e+22
2025-10-08,3.7176172709220987e+22
2025-10-09,3.7285402431556445e+22
2025-10-10,3.7628783023316848e+22
2025-10-13,3.811283321930244e+22
2025-10-14,3.877014617679064e+22
2025-10-15,3.922993657189276e+22
2025-10-16,3.916753587947336e+22
2025-10-17,3.874765614529397e+22
2025-10-20,3.844262223570573e+22
2025-10-21,3.78851723806961e+22
2025-10-23,3.7468517031907546e+22
2025-10-24,3.704450342767068e+22
2025-10-27,3.652390558390552e+22
2025-10-28,3.599084896482349e+22
2025-10-29,3.599084896482349e+22
2025-10-30,3.599084896482349e+22
2025-10-31,3.599084896482349e+22
2025-11-03,3.599084896482349e+22
2025-11-04,3.599084896482349e+22
2025-11-05,3.599084896482349e+22
2025-11-06,3.599084896482349e+22
2025-11-07,3.599084896482349e+22
2025-11-10,3.599084896482349e+22
2025-11-11,3.599084896482349e+22
