period,start,end,expected,initial,final,return_pct,annualized,max_dd,sharpe,trades,regime_exposure
2015-H2 (Strong),2015-07-01,2015-12-31,good,1000000.0,4261398.242983169,326.13982429831685,1701.6236301252036,0.0,27.868782777408693,85,"{'LOW_CORR': 22.22222222222222, 'MED_CORR': 44.44444444444444, 'HIGH_CORR': 33.33333333333333}"
2017-Full (Strong),2017-01-01,2017-12-31,good,1000000.0,30457941.11420894,2945.794111420894,2974.515190153398,0.0,33.81867999648519,165,"{'LOW_CORR': 47.05882352941176, 'MED_CORR': 29.411764705882355, 'HIGH_CORR': 23.52941176470588}"
2018-H1 (Strong),2018-01-01,2018-06-30,good,1000000.0,2940541.6212451975,194.05416212451976,790.9770799453277,0.0,31.770512714833558,85,"{'LOW_CORR': 11.11111111111111, 'MED_CORR': 44.44444444444444, 'HIGH_CORR': 44.44444444444444}"
2019-Full (Moderate),2019-01-01,2019-12-31,moderate,1000000.0,11754978.38670538,1075.497838670538,1083.4829479061104,0.0,16.922727710207358,165,"{'LOW_CORR': 23.52941176470588, 'MED_CORR': 35.294117647058826, 'HIGH_CORR': 41.17647058823529}"
2020-COVID Rally,2020-04-01,2020-12-31,moderate,1000000.0,17725909.805758905,1672.5909805758906,4505.665488075482,0.0,29.870229707072152,125,"{'LOW_CORR': 23.076923076923077, 'MED_CORR': 30.76923076923077, 'HIGH_CORR': 46.15384615384615}"
2021-H2 (Moderate),2021-07-01,2021-12-31,moderate,1000000.0,3865036.259132583,286.5036259132583,1382.8548964887448,0.0,32.425709124556334,85,"{'LOW_CORR': 0.0, 'MED_CORR': 55.55555555555556, 'HIGH_CORR': 44.44444444444444}"
2022-Full (Weak),2022-01-01,2022-12-31,weak,1000000.0,9132514.115075085,813.2514115075086,818.8176657349425,0.0,24.17195500242356,165,"{'LOW_CORR': 17.647058823529413, 'MED_CORR': 29.411764705882355, 'HIGH_CORR': 52.94117647058824}"
2024-H1 (Critical),2024-01-01,2024-06-30,critical,1000000.0,3305525.0067199026,230.55250067199026,1014.5180059608165,0.0,42.67886119356398,75,"{'LOW_CORR': 0.0, 'MED_CORR': 62.5, 'HIGH_CORR': 37.5}"
2023-Full,2023-01-01,2023-12-31,mixed,1000000.0,22214822.215786293,2121.4822215786294,2140.4869063849046,0.0,29.730436960881846,165,"{'LOW_CORR': 29.411764705882355, 'MED_CORR': 47.05882352941176, 'HIGH_CORR': 23.52941176470588}"
