date,ticker,title,source,url,reliability
2025-11-24 02:28:55.778271,ZYDUSWELL,,yahoo_finance,,0.8
2025-11-24 02:28:54.621451,ZYDUSLIFE,,yahoo_finance,,0.8
2025-11-24 02:28:54.621419,ZYDUSLIFE,,yahoo_finance,,0.8
2025-11-24 02:28:53.488269,ZENSARTECH,,yahoo_finance,,0.8
2025-11-24 02:28:52.284079,ZEEL,,yahoo_finance,,0.8
2025-11-24 02:28:52.284071,ZEEL,,yahoo_finance,,0.8
2025-11-24 02:28:52.284016,ZEEL,,yahoo_finance,,0.8
2025-11-24 02:28:51.143592,YESBANK,,yahoo_finance,,0.8
2025-11-24 02:28:51.143591,YESBANK,,yahoo_finance,,0.8
2025-11-24 02:28:51.143591,YESBANK,,yahoo_finance,,0.8
2025-11-24 02:28:51.143590,YESBANK,,yahoo_finance,,0.8
2025-11-24 02:28:51.143590,YESBANK,,yahoo_finance,,0.8
2025-11-24 02:28:51.143589,YESBANK,,yahoo_finance,,0.8
2025-11-24 02:28:51.143588,YESBANK,,yahoo_finance,,0.8
2025-11-24 02:28:51.143588,YESBANK,,yahoo_finance,,0.8
2025-11-24 02:28:51.143587,YESBANK,,yahoo_finance,,0.8
2025-11-24 02:28:51.143578,YESBANK,,yahoo_finance,,0.8
2025-11-24 02:28:48.882200,WIPRO,,yahoo_finance,,0.8
2025-11-24 02:28:48.882198,WIPRO,,yahoo_finance,,0.8
2025-11-24 02:28:48.882197,WIPRO,,yahoo_finance,,0.8
2025-11-24 02:28:48.882195,WIPRO,,yahoo_finance,,0.8
2025-11-24 02:28:48.882193,WIPRO,,yahoo_finance,,0.8
2025-11-24 02:28:48.882191,WIPRO,,yahoo_finance,,0.8
2025-11-24 02:28:48.882189,WIPRO,,yahoo_finance,,0.8
2025-11-24 02:28:48.882187,WIPRO,,yahoo_finance,,0.8
2025-11-24 02:28:48.882184,WIPRO,,yahoo_finance,,0.8
2025-11-24 02:28:48.882147,WIPRO,,yahoo_finance,,0.8
2025-11-24 02:28:47.717525,WHIRLPOOL,,yahoo_finance,,0.8
2025-11-24 02:28:47.717523,WHIRLPOOL,,yahoo_finance,,0.8
2025-11-24 02:28:47.717507,WHIRLPOOL,,yahoo_finance,,0.8
2025-11-24 02:28:46.526924,WESTLIFE,,yahoo_finance,,0.8
2025-11-24 02:28:46.526922,WESTLIFE,,yahoo_finance,,0.8
2025-11-24 02:28:46.526909,WESTLIFE,,yahoo_finance,,0.8
2025-11-24 02:28:41.990115,VOLTAS,,yahoo_finance,,0.8
2025-11-24 02:28:41.990112,VOLTAS,,yahoo_finance,,0.8
2025-11-24 02:28:41.990108,VOLTAS,,yahoo_finance,,0.8
2025-11-24 02:28:41.990105,VOLTAS,,yahoo_finance,,0.8
2025-11-24 02:28:41.990063,VOLTAS,,yahoo_finance,,0.8
2025-11-24 02:28:40.809845,VMART,,yahoo_finance,,0.8
2025-11-24 02:28:35.255920,VEDL,,yahoo_finance,,0.8
2025-11-24 02:28:35.255917,VEDL,,yahoo_finance,,0.8
2025-11-24 02:28:35.255914,VEDL,,yahoo_finance,,0.8
2025-11-24 02:28:35.255911,VEDL,,yahoo_finance,,0.8
2025-11-24 02:28:35.255908,VEDL,,yahoo_finance,,0.8
2025-11-24 02:28:35.255905,VEDL,,yahoo_finance,,0.8
2025-11-24 02:28:35.255902,VEDL,,yahoo_finance,,0.8
2025-11-24 02:28:35.255899,VEDL,,yahoo_finance,,0.8
2025-11-24 02:28:35.255895,VEDL,,yahoo_finance,,0.8
2025-11-24 02:28:35.255866,VEDL,,yahoo_finance,,0.8
2025-11-24 02:28:34.053738,VBL,,yahoo_finance,,0.8
2025-11-24 02:28:34.053738,VBL,,yahoo_finance,,0.8
2025-11-24 02:28:34.053737,VBL,,yahoo_finance,,0.8
2025-11-24 02:28:34.053737,VBL,,yahoo_finance,,0.8
2025-11-24 02:28:34.053730,VBL,,yahoo_finance,,0.8
2025-11-24 02:28:32.939214,VARROC,,yahoo_finance,,0.8
2025-11-24 02:28:32.939214,VARROC,,yahoo_finance,,0.8
2025-11-24 02:28:32.939205,VARROC,,yahoo_finance,,0.8
2025-11-24 02:28:29.470840,VAIBHAVGBL,,yahoo_finance,,0.8
2025-11-24 02:28:28.356159,UTIAMC,,yahoo_finance,,0.8
2025-11-24 02:28:28.356123,UTIAMC,,yahoo_finance,,0.8
2025-11-24 02:28:27.181982,UPL,,yahoo_finance,,0.8
2025-11-24 02:28:27.181974,UPL,,yahoo_finance,,0.8
2025-11-24 02:28:26.006114,UNIONBANK,,yahoo_finance,,0.8
2025-11-24 02:28:26.006101,UNIONBANK,,yahoo_finance,,0.8
2025-11-24 02:28:24.856659,ULTRACEMCO,,yahoo_finance,,0.8
2025-11-24 02:28:24.856658,ULTRACEMCO,,yahoo_finance,,0.8
2025-11-24 02:28:24.856657,ULTRACEMCO,,yahoo_finance,,0.8
2025-11-24 02:28:24.856655,ULTRACEMCO,,yahoo_finance,,0.8
2025-11-24 02:28:24.856654,ULTRACEMCO,,yahoo_finance,,0.8
2025-11-24 02:28:24.856652,ULTRACEMCO,,yahoo_finance,,0.8
2025-11-24 02:28:24.856651,ULTRACEMCO,,yahoo_finance,,0.8
2025-11-24 02:28:24.856650,ULTRACEMCO,,yahoo_finance,,0.8
2025-11-24 02:28:24.856648,ULTRACEMCO,,yahoo_finance,,0.8
2025-11-24 02:28:24.856623,ULTRACEMCO,,yahoo_finance,,0.8
2025-11-24 02:28:22.590308,UFLEX,,yahoo_finance,,0.8
2025-11-24 02:28:21.435797,UCOBANK,,yahoo_finance,,0.8
2025-11-24 02:28:21.435764,UCOBANK,,yahoo_finance,,0.8
2025-11-24 02:28:20.309844,UBL,,yahoo_finance,,0.8
2025-11-24 02:28:20.309843,UBL,,yahoo_finance,,0.8
2025-11-24 02:28:20.309842,UBL,,yahoo_finance,,0.8
2025-11-24 02:28:20.309841,UBL,,yahoo_finance,,0.8
2025-11-24 02:28:20.309840,UBL,,yahoo_finance,,0.8
2025-11-24 02:28:20.309838,UBL,,yahoo_finance,,0.8
2025-11-24 02:28:20.309837,UBL,,yahoo_finance,,0.8
2025-11-24 02:28:20.309835,UBL,,yahoo_finance,,0.8
2025-11-24 02:28:20.309834,UBL,,yahoo_finance,,0.8
2025-11-24 02:28:20.309813,UBL,,yahoo_finance,,0.8
2025-11-24 02:28:19.108100,TVSMOTOR,,yahoo_finance,,0.8
2025-11-24 02:28:19.108099,TVSMOTOR,,yahoo_finance,,0.8
2025-11-24 02:28:19.108099,TVSMOTOR,,yahoo_finance,,0.8
2025-11-24 02:28:19.108098,TVSMOTOR,,yahoo_finance,,0.8
2025-11-24 02:28:19.108097,TVSMOTOR,,yahoo_finance,,0.8
2025-11-24 02:28:19.108096,TVSMOTOR,,yahoo_finance,,0.8
2025-11-24 02:28:19.108095,TVSMOTOR,,yahoo_finance,,0.8
2025-11-24 02:28:19.108094,TVSMOTOR,,yahoo_finance,,0.8
2025-11-24 02:28:19.108082,TVSMOTOR,,yahoo_finance,,0.8
2025-11-24 02:28:17.920283,TTKPRESTIG,,yahoo_finance,,0.8
2025-11-24 02:28:17.920282,TTKPRESTIG,,yahoo_finance,,0.8
2025-11-24 02:28:17.920280,TTKPRESTIG,,yahoo_finance,,0.8
2025-11-24 02:28:17.920262,TTKPRESTIG,,yahoo_finance,,0.8
2025-11-24 02:28:16.735076,TRITURBINE,,yahoo_finance,,0.8
2025-11-24 02:28:14.472127,TRENT,,yahoo_finance,,0.8
2025-11-24 02:28:14.472125,TRENT,,yahoo_finance,,0.8
2025-11-24 02:28:14.472123,TRENT,,yahoo_finance,,0.8
2025-11-24 02:28:14.472122,TRENT,,yahoo_finance,,0.8
2025-11-24 02:28:14.472120,TRENT,,yahoo_finance,,0.8
2025-11-24 02:28:14.472117,TRENT,,yahoo_finance,,0.8
2025-11-24 02:28:14.472088,TRENT,,yahoo_finance,,0.8
2025-11-24 02:28:13.313297,TORNTPOWER,,yahoo_finance,,0.8
2025-11-24 02:28:13.313296,TORNTPOWER,,yahoo_finance,,0.8
2025-11-24 02:28:13.313295,TORNTPOWER,,yahoo_finance,,0.8
2025-11-24 02:28:13.313294,TORNTPOWER,,yahoo_finance,,0.8
2025-11-24 02:28:13.313288,TORNTPOWER,,yahoo_finance,,0.8
2025-11-24 02:28:12.149261,TORNTPHARM,,yahoo_finance,,0.8
2025-11-24 02:28:12.149260,TORNTPHARM,,yahoo_finance,,0.8
2025-11-24 02:28:12.149260,TORNTPHARM,,yahoo_finance,,0.8
2025-11-24 02:28:12.149259,TORNTPHARM,,yahoo_finance,,0.8
2025-11-24 02:28:12.149259,TORNTPHARM,,yahoo_finance,,0.8
2025-11-24 02:28:12.149258,TORNTPHARM,,yahoo_finance,,0.8
2025-11-24 02:28:12.149251,TORNTPHARM,,yahoo_finance,,0.8
2025-11-24 02:28:10.972263,TITAN,,yahoo_finance,,0.8
2025-11-24 02:28:10.972248,TITAN,,yahoo_finance,,0.8
2025-11-24 02:28:08.736914,TIINDIA,,yahoo_finance,,0.8
2025-11-24 02:28:08.736913,TIINDIA,,yahoo_finance,,0.8
2025-11-24 02:28:08.736907,TIINDIA,,yahoo_finance,,0.8
2025-11-24 02:28:07.557345,THYROCARE,,yahoo_finance,,0.8
2025-11-24 02:28:07.557338,THYROCARE,,yahoo_finance,,0.8
2025-11-24 02:28:06.377116,THERMAX,,yahoo_finance,,0.8
2025-11-24 02:28:06.377115,THERMAX,,yahoo_finance,,0.8
2025-11-24 02:28:06.377114,THERMAX,,yahoo_finance,,0.8
2025-11-24 02:28:06.377108,THERMAX,,yahoo_finance,,0.8
2025-11-24 02:28:05.192727,TECHM,,yahoo_finance,,0.8
2025-11-24 02:28:05.192726,TECHM,,yahoo_finance,,0.8
2025-11-24 02:28:05.192725,TECHM,,yahoo_finance,,0.8
2025-11-24 02:28:05.192723,TECHM,,yahoo_finance,,0.8
2025-11-24 02:28:05.192722,TECHM,,yahoo_finance,,0.8
2025-11-24 02:28:05.192720,TECHM,,yahoo_finance,,0.8
2025-11-24 02:28:05.192719,TECHM,,yahoo_finance,,0.8
2025-11-24 02:28:05.192718,TECHM,,yahoo_finance,,0.8
2025-11-24 02:28:05.192716,TECHM,,yahoo_finance,,0.8
2025-11-24 02:28:05.192699,TECHM,,yahoo_finance,,0.8
2025-11-24 02:28:03.995481,TEAMLEASE,,yahoo_finance,,0.8
2025-11-24 02:28:03.995467,TEAMLEASE,,yahoo_finance,,0.8
2025-11-24 02:28:02.833710,TCS,,yahoo_finance,,0.8
2025-11-24 02:28:02.833707,TCS,,yahoo_finance,,0.8
2025-11-24 02:28:02.833704,TCS,,yahoo_finance,,0.8
2025-11-24 02:28:02.833702,TCS,,yahoo_finance,,0.8
2025-11-24 02:28:02.833699,TCS,,yahoo_finance,,0.8
2025-11-24 02:28:02.833696,TCS,,yahoo_finance,,0.8
2025-11-24 02:28:02.833693,TCS,,yahoo_finance,,0.8
2025-11-24 02:28:02.833689,TCS,,yahoo_finance,,0.8
2025-11-24 02:28:02.833685,TCS,,yahoo_finance,,0.8
2025-11-24 02:28:02.833654,TCS,,yahoo_finance,,0.8
2025-11-24 02:28:01.660132,TCIEXP,,yahoo_finance,,0.8
2025-11-24 02:28:01.660115,TCIEXP,,yahoo_finance,,0.8
2025-11-24 02:28:00.486745,TATASTEEL,,yahoo_finance,,0.8
2025-11-24 02:28:00.486744,TATASTEEL,,yahoo_finance,,0.8
2025-11-24 02:28:00.486742,TATASTEEL,,yahoo_finance,,0.8
2025-11-24 02:28:00.486741,TATASTEEL,,yahoo_finance,,0.8
2025-11-24 02:28:00.486739,TATASTEEL,,yahoo_finance,,0.8
2025-11-24 02:28:00.486738,TATASTEEL,,yahoo_finance,,0.8
2025-11-24 02:28:00.486736,TATASTEEL,,yahoo_finance,,0.8
2025-11-24 02:28:00.486735,TATASTEEL,,yahoo_finance,,0.8
2025-11-24 02:28:00.486732,TATASTEEL,,yahoo_finance,,0.8
2025-11-24 02:28:00.486714,TATASTEEL,,yahoo_finance,,0.8
2025-11-24 02:27:59.288292,TATAPOWER,,yahoo_finance,,0.8
2025-11-24 02:27:59.288289,TATAPOWER,,yahoo_finance,,0.8
2025-11-24 02:27:59.288286,TATAPOWER,,yahoo_finance,,0.8
2025-11-24 02:27:59.288283,TATAPOWER,,yahoo_finance,,0.8
2025-11-24 02:27:59.288281,TATAPOWER,,yahoo_finance,,0.8
2025-11-24 02:27:59.288278,TATAPOWER,,yahoo_finance,,0.8
2025-11-24 02:27:59.288274,TATAPOWER,,yahoo_finance,,0.8
2025-11-24 02:27:59.288271,TATAPOWER,,yahoo_finance,,0.8
2025-11-24 02:27:59.288267,TATAPOWER,,yahoo_finance,,0.8
2025-11-24 02:27:59.288233,TATAPOWER,,yahoo_finance,,0.8
2025-11-24 02:27:58.147383,TATAMOTORS,,yahoo_finance,,0.8
2025-11-24 02:27:58.147381,TATAMOTORS,,yahoo_finance,,0.8
2025-11-24 02:27:58.147380,TATAMOTORS,,yahoo_finance,,0.8
2025-11-24 02:27:58.147379,TATAMOTORS,,yahoo_finance,,0.8
2025-11-24 02:27:58.147377,TATAMOTORS,,yahoo_finance,,0.8
2025-11-24 02:27:58.147376,TATAMOTORS,,yahoo_finance,,0.8
2025-11-24 02:27:58.147374,TATAMOTORS,,yahoo_finance,,0.8
2025-11-24 02:27:58.147372,TATAMOTORS,,yahoo_finance,,0.8
2025-11-24 02:27:58.147370,TATAMOTORS,,yahoo_finance,,0.8
2025-11-24 02:27:58.147335,TATAMOTORS,,yahoo_finance,,0.8
2025-11-24 02:27:56.986575,TATAINVEST,,yahoo_finance,,0.8
2025-11-24 02:27:55.852582,TATAELXSI,,yahoo_finance,,0.8
2025-11-24 02:27:55.852579,TATAELXSI,,yahoo_finance,,0.8
2025-11-24 02:27:55.852548,TATAELXSI,,yahoo_finance,,0.8
2025-11-24 02:27:54.688651,TATACONSUM,,yahoo_finance,,0.8
2025-11-24 02:27:54.688647,TATACONSUM,,yahoo_finance,,0.8
2025-11-24 02:27:54.688610,TATACONSUM,,yahoo_finance,,0.8
2025-11-24 02:27:53.355523,TATACOMM,,yahoo_finance,,0.8
2025-11-24 02:27:53.355520,TATACOMM,,yahoo_finance,,0.8
2025-11-24 02:27:53.355517,TATACOMM,,yahoo_finance,,0.8
2025-11-24 02:27:53.355514,TATACOMM,,yahoo_finance,,0.8
2025-11-24 02:27:53.355512,TATACOMM,,yahoo_finance,,0.8
2025-11-24 02:27:53.355509,TATACOMM,,yahoo_finance,,0.8
2025-11-24 02:27:53.355506,TATACOMM,,yahoo_finance,,0.8
2025-11-24 02:27:53.355502,TATACOMM,,yahoo_finance,,0.8
2025-11-24 02:27:53.355498,TATACOMM,,yahoo_finance,,0.8
2025-11-24 02:27:53.355466,TATACOMM,,yahoo_finance,,0.8
2025-11-24 02:27:52.158039,TATACHEM,,yahoo_finance,,0.8
2025-11-24 02:27:52.158032,TATACHEM,,yahoo_finance,,0.8
2025-11-24 02:27:52.158003,TATACHEM,,yahoo_finance,,0.8
2025-11-24 02:27:48.763189,SYNGENE,,yahoo_finance,,0.8
2025-11-24 02:27:48.763187,SYNGENE,,yahoo_finance,,0.8
2025-11-24 02:27:48.763186,SYNGENE,,yahoo_finance,,0.8
2025-11-24 02:27:48.763170,SYNGENE,,yahoo_finance,,0.8
2025-11-24 02:27:47.614327,SYMPHONY,,yahoo_finance,,0.8
2025-11-24 02:27:47.614323,SYMPHONY,,yahoo_finance,,0.8
2025-11-24 02:27:47.614289,SYMPHONY,,yahoo_finance,,0.8
2025-11-24 02:27:45.368684,SUZLON,,yahoo_finance,,0.8
2025-11-24 02:27:45.368682,SUZLON,,yahoo_finance,,0.8
2025-11-24 02:27:45.368680,SUZLON,,yahoo_finance,,0.8
2025-11-24 02:27:45.368679,SUZLON,,yahoo_finance,,0.8
2025-11-24 02:27:45.368677,SUZLON,,yahoo_finance,,0.8
2025-11-24 02:27:45.368675,SUZLON,,yahoo_finance,,0.8
2025-11-24 02:27:45.368673,SUZLON,,yahoo_finance,,0.8
2025-11-24 02:27:45.368671,SUZLON,,yahoo_finance,,0.8
2025-11-24 02:27:45.368643,SUZLON,,yahoo_finance,,0.8
2025-11-24 02:27:43.075055,SUPRAJIT,,yahoo_finance,,0.8
2025-11-24 02:27:40.804902,SUNTECK,,yahoo_finance,,0.8
2025-11-24 02:27:39.671995,SUNPHARMA,,yahoo_finance,,0.8
2025-11-24 02:27:39.671993,SUNPHARMA,,yahoo_finance,,0.8
2025-11-24 02:27:39.671992,SUNPHARMA,,yahoo_finance,,0.8
2025-11-24 02:27:39.671990,SUNPHARMA,,yahoo_finance,,0.8
2025-11-24 02:27:39.671989,SUNPHARMA,,yahoo_finance,,0.8
2025-11-24 02:27:39.671987,SUNPHARMA,,yahoo_finance,,0.8
2025-11-24 02:27:39.671986,SUNPHARMA,,yahoo_finance,,0.8
2025-11-24 02:27:39.671984,SUNPHARMA,,yahoo_finance,,0.8
2025-11-24 02:27:39.671982,SUNPHARMA,,yahoo_finance,,0.8
2025-11-24 02:27:39.671965,SUNPHARMA,,yahoo_finance,,0.8
2025-11-24 02:27:35.090493,SUDARSCHEM,,yahoo_finance,,0.8
2025-11-24 02:27:33.971482,STLTECH,,yahoo_finance,,0.8
2025-11-24 02:27:32.848590,STARCEMENT,,yahoo_finance,,0.8
2025-11-24 02:27:32.848588,STARCEMENT,,yahoo_finance,,0.8
2025-11-24 02:27:32.848584,STARCEMENT,,yahoo_finance,,0.8
2025-11-24 02:27:32.848551,STARCEMENT,,yahoo_finance,,0.8
2025-11-24 02:27:31.711621,STAR,,yahoo_finance,,0.8
2025-11-24 02:27:31.711592,STAR,,yahoo_finance,,0.8
2025-11-24 02:27:30.488317,SRF,,yahoo_finance,,0.8
2025-11-24 02:27:30.488316,SRF,,yahoo_finance,,0.8
2025-11-24 02:27:30.488314,SRF,,yahoo_finance,,0.8
2025-11-24 02:27:30.488299,SRF,,yahoo_finance,,0.8
2025-11-24 02:27:28.186198,SPANDANA,,yahoo_finance,,0.8
2025-11-24 02:27:27.013765,SONATSOFTW,,yahoo_finance,,0.8
2025-11-24 02:27:27.013762,SONATSOFTW,,yahoo_finance,,0.8
2025-11-24 02:27:27.013734,SONATSOFTW,,yahoo_finance,,0.8
2025-11-24 02:27:24.767813,SOLARA,,yahoo_finance,,0.8
2025-11-24 02:27:24.767811,SOLARA,,yahoo_finance,,0.8
2025-11-24 02:27:24.767793,SOLARA,,yahoo_finance,,0.8
2025-11-24 02:27:23.594586,SOBHA,,yahoo_finance,,0.8
2025-11-24 02:27:23.594585,SOBHA,,yahoo_finance,,0.8
2025-11-24 02:27:23.594584,SOBHA,,yahoo_finance,,0.8
2025-11-24 02:27:23.594568,SOBHA,,yahoo_finance,,0.8
2025-11-24 02:27:22.411027,SKFINDIA,,yahoo_finance,,0.8
2025-11-24 02:27:21.272086,SJVN,,yahoo_finance,,0.8
2025-11-24 02:27:21.272084,SJVN,,yahoo_finance,,0.8
2025-11-24 02:27:21.272083,SJVN,,yahoo_finance,,0.8
2025-11-24 02:27:21.272052,SJVN,,yahoo_finance,,0.8
2025-11-24 02:27:20.148734,SIS,,yahoo_finance,,0.8
2025-11-24 02:27:17.873813,SHRIRAMFIN,,yahoo_finance,,0.8
2025-11-24 02:27:17.873811,SHRIRAMFIN,,yahoo_finance,,0.8
2025-11-24 02:27:17.873810,SHRIRAMFIN,,yahoo_finance,,0.8
2025-11-24 02:27:17.873808,SHRIRAMFIN,,yahoo_finance,,0.8
2025-11-24 02:27:17.873806,SHRIRAMFIN,,yahoo_finance,,0.8
2025-11-24 02:27:17.873785,SHRIRAMFIN,,yahoo_finance,,0.8
2025-11-24 02:27:16.708197,SHREECEM,,yahoo_finance,,0.8
2025-11-24 02:27:16.708191,SHREECEM,,yahoo_finance,,0.8
2025-11-24 02:27:15.528670,SHOPERSTOP,,yahoo_finance,,0.8
2025-11-24 02:27:15.528664,SHOPERSTOP,,yahoo_finance,,0.8
2025-11-24 02:27:14.404803,SHILPAMED,,yahoo_finance,,0.8
2025-11-24 02:27:13.290108,SHARDACROP,,yahoo_finance,,0.8
2025-11-24 02:27:12.149270,SFL,,yahoo_finance,,0.8
2025-11-24 02:27:11.035790,SEQUENT,,yahoo_finance,,0.8
2025-11-24 02:27:08.814122,SCHNEIDER,,yahoo_finance,,0.8
2025-11-24 02:27:07.691958,SCHAEFFLER,,yahoo_finance,,0.8
2025-11-24 02:27:07.691958,SCHAEFFLER,,yahoo_finance,,0.8
2025-11-24 02:27:07.691957,SCHAEFFLER,,yahoo_finance,,0.8
2025-11-24 02:27:07.691957,SCHAEFFLER,,yahoo_finance,,0.8
2025-11-24 02:27:07.691951,SCHAEFFLER,,yahoo_finance,,0.8
2025-11-24 02:27:06.514821,SBIN,,yahoo_finance,,0.8
2025-11-24 02:27:06.514820,SBIN,,yahoo_finance,,0.8
2025-11-24 02:27:06.514820,SBIN,,yahoo_finance,,0.8
2025-11-24 02:27:06.514819,SBIN,,yahoo_finance,,0.8
2025-11-24 02:27:06.514819,SBIN,,yahoo_finance,,0.8
2025-11-24 02:27:06.514818,SBIN,,yahoo_finance,,0.8
2025-11-24 02:27:06.514818,SBIN,,yahoo_finance,,0.8
2025-11-24 02:27:06.514817,SBIN,,yahoo_finance,,0.8
2025-11-24 02:27:06.514816,SBIN,,yahoo_finance,,0.8
2025-11-24 02:27:06.514810,SBIN,,yahoo_finance,,0.8
2025-11-24 02:27:05.360467,SBILIFE,,yahoo_finance,,0.8
2025-11-24 02:27:05.360466,SBILIFE,,yahoo_finance,,0.8
2025-11-24 02:27:05.360466,SBILIFE,,yahoo_finance,,0.8
2025-11-24 02:27:05.360465,SBILIFE,,yahoo_finance,,0.8
2025-11-24 02:27:05.360464,SBILIFE,,yahoo_finance,,0.8
2025-11-24 02:27:05.360464,SBILIFE,,yahoo_finance,,0.8
2025-11-24 02:27:05.360463,SBILIFE,,yahoo_finance,,0.8
2025-11-24 02:27:05.360457,SBILIFE,,yahoo_finance,,0.8
2025-11-24 02:27:04.191989,SBICARD,,yahoo_finance,,0.8
2025-11-24 02:27:04.191988,SBICARD,,yahoo_finance,,0.8
2025-11-24 02:27:04.191969,SBICARD,,yahoo_finance,,0.8
2025-11-24 02:27:01.920257,SAIL,,yahoo_finance,,0.8
2025-11-24 02:27:01.920256,SAIL,,yahoo_finance,,0.8
2025-11-24 02:27:01.920251,SAIL,,yahoo_finance,,0.8
2025-11-24 02:27:01.920250,SAIL,,yahoo_finance,,0.8
2025-11-24 02:27:01.920249,SAIL,,yahoo_finance,,0.8
2025-11-24 02:27:01.920248,SAIL,,yahoo_finance,,0.8
2025-11-24 02:27:01.920247,SAIL,,yahoo_finance,,0.8
2025-11-24 02:27:01.920246,SAIL,,yahoo_finance,,0.8
2025-11-24 02:27:01.920245,SAIL,,yahoo_finance,,0.8
2025-11-24 02:27:01.920229,SAIL,,yahoo_finance,,0.8
2025-11-24 02:27:00.725785,RVNL,,yahoo_finance,,0.8
2025-11-24 02:27:00.725785,RVNL,,yahoo_finance,,0.8
2025-11-24 02:27:00.725784,RVNL,,yahoo_finance,,0.8
2025-11-24 02:27:00.725784,RVNL,,yahoo_finance,,0.8
2025-11-24 02:27:00.725783,RVNL,,yahoo_finance,,0.8
2025-11-24 02:27:00.725783,RVNL,,yahoo_finance,,0.8
2025-11-24 02:27:00.725775,RVNL,,yahoo_finance,,0.8
2025-11-24 02:26:59.610520,ROUTE,,yahoo_finance,,0.8
2025-11-24 02:26:58.499194,ROSSARI,,yahoo_finance,,0.8
2025-11-24 02:26:57.345615,RITES,,yahoo_finance,,0.8
2025-11-24 02:26:57.345614,RITES,,yahoo_finance,,0.8
2025-11-24 02:26:57.345614,RITES,,yahoo_finance,,0.8
2025-11-24 02:26:57.345608,RITES,,yahoo_finance,,0.8
2025-11-24 02:26:55.082869,RELIANCE,,yahoo_finance,,0.8
2025-11-24 02:26:55.082868,RELIANCE,,yahoo_finance,,0.8
2025-11-24 02:26:55.082867,RELIANCE,,yahoo_finance,,0.8
2025-11-24 02:26:55.082867,RELIANCE,,yahoo_finance,,0.8
2025-11-24 02:26:55.082866,RELIANCE,,yahoo_finance,,0.8
2025-11-24 02:26:55.082866,RELIANCE,,yahoo_finance,,0.8
2025-11-24 02:26:55.082865,RELIANCE,,yahoo_finance,,0.8
2025-11-24 02:26:55.082864,RELIANCE,,yahoo_finance,,0.8
2025-11-24 02:26:55.082864,RELIANCE,,yahoo_finance,,0.8
2025-11-24 02:26:55.082858,RELIANCE,,yahoo_finance,,0.8
2025-11-24 02:26:53.942950,RELAXO,,yahoo_finance,,0.8
2025-11-24 02:26:53.942944,RELAXO,,yahoo_finance,,0.8
2025-11-24 02:26:52.743387,REDINGTON,,yahoo_finance,,0.8
2025-11-24 02:26:49.403147,RBLBANK,,yahoo_finance,,0.8
2025-11-24 02:26:49.403147,RBLBANK,,yahoo_finance,,0.8
2025-11-24 02:26:49.403146,RBLBANK,,yahoo_finance,,0.8
2025-11-24 02:26:49.403146,RBLBANK,,yahoo_finance,,0.8
2025-11-24 02:26:49.403145,RBLBANK,,yahoo_finance,,0.8
2025-11-24 02:26:49.403144,RBLBANK,,yahoo_finance,,0.8
2025-11-24 02:26:49.403143,RBLBANK,,yahoo_finance,,0.8
2025-11-24 02:26:49.403143,RBLBANK,,yahoo_finance,,0.8
2025-11-24 02:26:49.403142,RBLBANK,,yahoo_finance,,0.8
2025-11-24 02:26:49.403129,RBLBANK,,yahoo_finance,,0.8
2025-11-24 02:26:48.218298,RAYMOND,,yahoo_finance,,0.8
2025-11-24 02:26:48.218297,RAYMOND,,yahoo_finance,,0.8
2025-11-24 02:26:48.218296,RAYMOND,,yahoo_finance,,0.8
2025-11-24 02:26:48.218282,RAYMOND,,yahoo_finance,,0.8
2025-11-24 02:26:45.873511,RAMCOCEM,,yahoo_finance,,0.8
2025-11-24 02:26:41.284568,RADICO,,yahoo_finance,,0.8
2025-11-24 02:26:41.284567,RADICO,,yahoo_finance,,0.8
2025-11-24 02:26:41.284565,RADICO,,yahoo_finance,,0.8
2025-11-24 02:26:41.284563,RADICO,,yahoo_finance,,0.8
2025-11-24 02:26:41.284543,RADICO,,yahoo_finance,,0.8
2025-11-24 02:26:40.128331,QUESS,,yahoo_finance,,0.8
2025-11-24 02:26:37.863478,PRINCEPIPE,,yahoo_finance,,0.8
2025-11-24 02:26:36.676166,PRESTIGE,,yahoo_finance,,0.8
2025-11-24 02:26:36.676150,PRESTIGE,,yahoo_finance,,0.8
2025-11-24 02:26:35.437467,POWERINDIA,,yahoo_finance,,0.8
2025-11-24 02:26:35.437448,POWERINDIA,,yahoo_finance,,0.8
2025-11-24 02:26:34.305639,POWERGRID,,yahoo_finance,,0.8
2025-11-24 02:26:34.305639,POWERGRID,,yahoo_finance,,0.8
2025-11-24 02:26:34.305638,POWERGRID,,yahoo_finance,,0.8
2025-11-24 02:26:34.305636,POWERGRID,,yahoo_finance,,0.8
2025-11-24 02:26:34.305623,POWERGRID,,yahoo_finance,,0.8
2025-11-24 02:26:32.069139,POLYMED,,yahoo_finance,,0.8
2025-11-24 02:26:30.885128,POLYCAB,,yahoo_finance,,0.8
2025-11-24 02:26:30.885126,POLYCAB,,yahoo_finance,,0.8
2025-11-24 02:26:30.885105,POLYCAB,,yahoo_finance,,0.8
2025-11-24 02:26:28.574505,PNBHOUSING,,yahoo_finance,,0.8
2025-11-24 02:26:28.574504,PNBHOUSING,,yahoo_finance,,0.8
2025-11-24 02:26:28.574503,PNBHOUSING,,yahoo_finance,,0.8
2025-11-24 02:26:28.574502,PNBHOUSING,,yahoo_finance,,0.8
2025-11-24 02:26:28.574501,PNBHOUSING,,yahoo_finance,,0.8
2025-11-24 02:26:28.574500,PNBHOUSING,,yahoo_finance,,0.8
2025-11-24 02:26:28.574484,PNBHOUSING,,yahoo_finance,,0.8
2025-11-24 02:26:27.390034,PNB,,yahoo_finance,,0.8
2025-11-24 02:26:27.390033,PNB,,yahoo_finance,,0.8
2025-11-24 02:26:27.390032,PNB,,yahoo_finance,,0.8
2025-11-24 02:26:27.390031,PNB,,yahoo_finance,,0.8
2025-11-24 02:26:27.390030,PNB,,yahoo_finance,,0.8
2025-11-24 02:26:27.390029,PNB,,yahoo_finance,,0.8
2025-11-24 02:26:27.390028,PNB,,yahoo_finance,,0.8
2025-11-24 02:26:27.390027,PNB,,yahoo_finance,,0.8
2025-11-24 02:26:27.390026,PNB,,yahoo_finance,,0.8
2025-11-24 02:26:27.390008,PNB,,yahoo_finance,,0.8
2025-11-24 02:26:26.214627,PIIND,,yahoo_finance,,0.8
2025-11-24 02:26:26.214623,PIIND,,yahoo_finance,,0.8
2025-11-24 02:26:26.214592,PIIND,,yahoo_finance,,0.8
2025-11-24 02:26:25.043883,PIDILITIND,,yahoo_finance,,0.8
2025-11-24 02:26:25.043880,PIDILITIND,,yahoo_finance,,0.8
2025-11-24 02:26:25.043861,PIDILITIND,,yahoo_finance,,0.8
2025-11-24 02:26:23.921558,PHOENIXLTD,,yahoo_finance,,0.8
2025-11-24 02:26:23.921554,PHOENIXLTD,,yahoo_finance,,0.8
2025-11-24 02:26:23.921540,PHOENIXLTD,,yahoo_finance,,0.8
2025-11-24 02:26:19.436091,PFC,,yahoo_finance,,0.8
2025-11-24 02:26:19.436090,PFC,,yahoo_finance,,0.8
2025-11-24 02:26:19.436088,PFC,,yahoo_finance,,0.8
2025-11-24 02:26:19.436066,PFC,,yahoo_finance,,0.8
2025-11-24 02:26:18.295056,PETRONET,,yahoo_finance,,0.8
2025-11-24 02:26:18.295055,PETRONET,,yahoo_finance,,0.8
2025-11-24 02:26:18.295053,PETRONET,,yahoo_finance,,0.8
2025-11-24 02:26:18.295052,PETRONET,,yahoo_finance,,0.8
2025-11-24 02:26:18.295050,PETRONET,,yahoo_finance,,0.8
2025-11-24 02:26:18.295048,PETRONET,,yahoo_finance,,0.8
2025-11-24 02:26:18.295046,PETRONET,,yahoo_finance,,0.8
2025-11-24 02:26:18.295043,PETRONET,,yahoo_finance,,0.8
2025-11-24 02:26:18.295009,PETRONET,,yahoo_finance,,0.8
2025-11-24 02:26:17.099694,PERSISTENT,,yahoo_finance,,0.8
2025-11-24 02:26:17.099671,PERSISTENT,,yahoo_finance,,0.8
2025-11-24 02:26:15.681121,PEL,,yahoo_finance,,0.8
2025-11-24 02:26:15.681089,PEL,,yahoo_finance,,0.8
2025-11-24 02:26:14.505546,PAGEIND,,yahoo_finance,,0.8
2025-11-24 02:26:14.505545,PAGEIND,,yahoo_finance,,0.8
2025-11-24 02:26:14.505543,PAGEIND,,yahoo_finance,,0.8
2025-11-24 02:26:14.505528,PAGEIND,,yahoo_finance,,0.8
2025-11-24 02:26:13.323131,ORIENTELEC,,yahoo_finance,,0.8
2025-11-24 02:26:13.323091,ORIENTELEC,,yahoo_finance,,0.8
2025-11-24 02:26:12.129186,ONGC,,yahoo_finance,,0.8
2025-11-24 02:26:12.129183,ONGC,,yahoo_finance,,0.8
2025-11-24 02:26:12.129180,ONGC,,yahoo_finance,,0.8
2025-11-24 02:26:12.129177,ONGC,,yahoo_finance,,0.8
2025-11-24 02:26:12.129175,ONGC,,yahoo_finance,,0.8
2025-11-24 02:26:12.129172,ONGC,,yahoo_finance,,0.8
2025-11-24 02:26:12.129169,ONGC,,yahoo_finance,,0.8
2025-11-24 02:26:12.129165,ONGC,,yahoo_finance,,0.8
2025-11-24 02:26:12.129161,ONGC,,yahoo_finance,,0.8
2025-11-24 02:26:12.129128,ONGC,,yahoo_finance,,0.8
2025-11-24 02:26:10.951202,OIL,,yahoo_finance,,0.8
2025-11-24 02:26:10.951201,OIL,,yahoo_finance,,0.8
2025-11-24 02:26:10.951201,OIL,,yahoo_finance,,0.8
2025-11-24 02:26:10.951200,OIL,,yahoo_finance,,0.8
2025-11-24 02:26:10.951199,OIL,,yahoo_finance,,0.8
2025-11-24 02:26:10.951199,OIL,,yahoo_finance,,0.8
2025-11-24 02:26:10.951198,OIL,,yahoo_finance,,0.8
2025-11-24 02:26:10.951198,OIL,,yahoo_finance,,0.8
2025-11-24 02:26:10.951197,OIL,,yahoo_finance,,0.8
2025-11-24 02:26:10.951190,OIL,,yahoo_finance,,0.8
2025-11-24 02:26:08.646232,OBEROIRLTY,,yahoo_finance,,0.8
2025-11-24 02:26:08.646232,OBEROIRLTY,,yahoo_finance,,0.8
2025-11-24 02:26:08.646226,OBEROIRLTY,,yahoo_finance,,0.8
2025-11-24 02:26:07.455660,NTPC,,yahoo_finance,,0.8
2025-11-24 02:26:07.455659,NTPC,,yahoo_finance,,0.8
2025-11-24 02:26:07.455659,NTPC,,yahoo_finance,,0.8
2025-11-24 02:26:07.455658,NTPC,,yahoo_finance,,0.8
2025-11-24 02:26:07.455658,NTPC,,yahoo_finance,,0.8
2025-11-24 02:26:07.455657,NTPC,,yahoo_finance,,0.8
2025-11-24 02:26:07.455657,NTPC,,yahoo_finance,,0.8
2025-11-24 02:26:07.455656,NTPC,,yahoo_finance,,0.8
2025-11-24 02:26:07.455655,NTPC,,yahoo_finance,,0.8
2025-11-24 02:26:07.455650,NTPC,,yahoo_finance,,0.8
2025-11-24 02:26:06.273655,NOCIL,,yahoo_finance,,0.8
2025-11-24 02:26:05.108401,NMDC,,yahoo_finance,,0.8
2025-11-24 02:26:05.108400,NMDC,,yahoo_finance,,0.8
2025-11-24 02:26:05.108399,NMDC,,yahoo_finance,,0.8
2025-11-24 02:26:05.108399,NMDC,,yahoo_finance,,0.8
2025-11-24 02:26:05.108393,NMDC,,yahoo_finance,,0.8
2025-11-24 02:26:03.943109,NLCINDIA,,yahoo_finance,,0.8
2025-11-24 02:26:01.685460,NIACL,,yahoo_finance,,0.8
2025-11-24 02:26:01.685459,NIACL,,yahoo_finance,,0.8
2025-11-24 02:26:01.685459,NIACL,,yahoo_finance,,0.8
2025-11-24 02:26:01.685458,NIACL,,yahoo_finance,,0.8
2025-11-24 02:26:01.685452,NIACL,,yahoo_finance,,0.8
2025-11-24 02:26:00.470146,NHPC,,yahoo_finance,,0.8
2025-11-24 02:26:00.470146,NHPC,,yahoo_finance,,0.8
2025-11-24 02:26:00.470145,NHPC,,yahoo_finance,,0.8
2025-11-24 02:26:00.470144,NHPC,,yahoo_finance,,0.8
2025-11-24 02:26:00.470143,NHPC,,yahoo_finance,,0.8
2025-11-24 02:26:00.470141,NHPC,,yahoo_finance,,0.8
2025-11-24 02:26:00.470133,NHPC,,yahoo_finance,,0.8
2025-11-24 02:25:59.352171,NH,,yahoo_finance,,0.8
2025-11-24 02:25:55.993648,NESTLEIND,,yahoo_finance,,0.8
2025-11-24 02:25:55.993647,NESTLEIND,,yahoo_finance,,0.8
2025-11-24 02:25:55.993647,NESTLEIND,,yahoo_finance,,0.8
2025-11-24 02:25:55.993646,NESTLEIND,,yahoo_finance,,0.8
2025-11-24 02:25:55.993645,NESTLEIND,,yahoo_finance,,0.8
2025-11-24 02:25:55.993639,NESTLEIND,,yahoo_finance,,0.8
2025-11-24 02:25:53.759763,NCC,,yahoo_finance,,0.8
2025-11-24 02:25:53.759762,NCC,,yahoo_finance,,0.8
2025-11-24 02:25:53.759757,NCC,,yahoo_finance,,0.8
2025-11-24 02:25:52.550554,NBCC,,yahoo_finance,,0.8
2025-11-24 02:25:52.550552,NBCC,,yahoo_finance,,0.8
2025-11-24 02:25:52.550549,NBCC,,yahoo_finance,,0.8
2025-11-24 02:25:52.550520,NBCC,,yahoo_finance,,0.8
2025-11-24 02:25:49.135533,NATIONALUM,,yahoo_finance,,0.8
2025-11-24 02:25:49.135531,NATIONALUM,,yahoo_finance,,0.8
2025-11-24 02:25:49.135515,NATIONALUM,,yahoo_finance,,0.8
2025-11-24 02:25:48.020477,NATCOPHARM,,yahoo_finance,,0.8
2025-11-24 02:25:48.020476,NATCOPHARM,,yahoo_finance,,0.8
2025-11-24 02:25:48.020474,NATCOPHARM,,yahoo_finance,,0.8
2025-11-24 02:25:48.020451,NATCOPHARM,,yahoo_finance,,0.8
2025-11-24 02:25:46.827725,NAM-INDIA,,yahoo_finance,,0.8
2025-11-24 02:25:45.694535,MUTHOOTFIN,,yahoo_finance,,0.8
2025-11-24 02:25:45.694534,MUTHOOTFIN,,yahoo_finance,,0.8
2025-11-24 02:25:45.694532,MUTHOOTFIN,,yahoo_finance,,0.8
2025-11-24 02:25:45.694530,MUTHOOTFIN,,yahoo_finance,,0.8
2025-11-24 02:25:45.694528,MUTHOOTFIN,,yahoo_finance,,0.8
2025-11-24 02:25:45.694506,MUTHOOTFIN,,yahoo_finance,,0.8
2025-11-24 02:25:44.558401,MRPL,,yahoo_finance,,0.8
2025-11-24 02:25:44.558400,MRPL,,yahoo_finance,,0.8
2025-11-24 02:25:44.558399,MRPL,,yahoo_finance,,0.8
2025-11-24 02:25:44.558397,MRPL,,yahoo_finance,,0.8
2025-11-24 02:25:44.558396,MRPL,,yahoo_finance,,0.8
2025-11-24 02:25:44.558394,MRPL,,yahoo_finance,,0.8
2025-11-24 02:25:44.558392,MRPL,,yahoo_finance,,0.8
2025-11-24 02:25:44.558390,MRPL,,yahoo_finance,,0.8
2025-11-24 02:25:44.558361,MRPL,,yahoo_finance,,0.8
2025-11-24 02:25:42.284049,MPHASIS,,yahoo_finance,,0.8
2025-11-24 02:25:42.284046,MPHASIS,,yahoo_finance,,0.8
2025-11-24 02:25:42.284043,MPHASIS,,yahoo_finance,,0.8
2025-11-24 02:25:42.284040,MPHASIS,,yahoo_finance,,0.8
2025-11-24 02:25:42.284037,MPHASIS,,yahoo_finance,,0.8
2025-11-24 02:25:42.284034,MPHASIS,,yahoo_finance,,0.8
2025-11-24 02:25:42.284030,MPHASIS,,yahoo_finance,,0.8
2025-11-24 02:25:42.284027,MPHASIS,,yahoo_finance,,0.8
2025-11-24 02:25:42.283992,MPHASIS,,yahoo_finance,,0.8
2025-11-24 02:25:40.953071,MOTILALOFS,,yahoo_finance,,0.8
2025-11-24 02:25:40.953070,MOTILALOFS,,yahoo_finance,,0.8
2025-11-24 02:25:40.953069,MOTILALOFS,,yahoo_finance,,0.8
2025-11-24 02:25:40.953062,MOTILALOFS,,yahoo_finance,,0.8
2025-11-24 02:25:39.802583,MOTHERSON,,yahoo_finance,,0.8
2025-11-24 02:25:36.450964,MINDACORP,,yahoo_finance,,0.8
2025-11-24 02:25:35.292317,MIDHANI,,yahoo_finance,,0.8
2025-11-24 02:25:35.292302,MIDHANI,,yahoo_finance,,0.8
2025-11-24 02:25:33.024729,MGL,,yahoo_finance,,0.8
2025-11-24 02:25:33.024721,MGL,,yahoo_finance,,0.8
2025-11-24 02:25:31.861863,MFSL,,yahoo_finance,,0.8
2025-11-24 02:25:31.861860,MFSL,,yahoo_finance,,0.8
2025-11-24 02:25:31.861857,MFSL,,yahoo_finance,,0.8
2025-11-24 02:25:31.861854,MFSL,,yahoo_finance,,0.8
2025-11-24 02:25:31.861850,MFSL,,yahoo_finance,,0.8
2025-11-24 02:25:31.861830,MFSL,,yahoo_finance,,0.8
2025-11-24 02:25:30.658821,METROPOLIS,,yahoo_finance,,0.8
2025-11-24 02:25:29.499334,MCX,,yahoo_finance,,0.8
2025-11-24 02:25:28.350691,MAZDOCK,,yahoo_finance,,0.8
2025-11-24 02:25:27.226688,MAXHEALTH,,yahoo_finance,,0.8
2025-11-24 02:25:27.226683,MAXHEALTH,,yahoo_finance,,0.8
2025-11-24 02:25:26.087903,MASFIN,,yahoo_finance,,0.8
2025-11-24 02:25:26.087883,MASFIN,,yahoo_finance,,0.8
2025-11-24 02:25:24.922462,MARUTI,,yahoo_finance,,0.8
2025-11-24 02:25:24.922461,MARUTI,,yahoo_finance,,0.8
2025-11-24 02:25:24.922459,MARUTI,,yahoo_finance,,0.8
2025-11-24 02:25:24.922458,MARUTI,,yahoo_finance,,0.8
2025-11-24 02:25:24.922457,MARUTI,,yahoo_finance,,0.8
2025-11-24 02:25:24.922455,MARUTI,,yahoo_finance,,0.8
2025-11-24 02:25:24.922454,MARUTI,,yahoo_finance,,0.8
2025-11-24 02:25:24.922453,MARUTI,,yahoo_finance,,0.8
2025-11-24 02:25:24.922451,MARUTI,,yahoo_finance,,0.8
2025-11-24 02:25:24.922439,MARUTI,,yahoo_finance,,0.8
2025-11-24 02:25:23.737937,MARICO,,yahoo_finance,,0.8
2025-11-24 02:25:23.737935,MARICO,,yahoo_finance,,0.8
2025-11-24 02:25:23.737933,MARICO,,yahoo_finance,,0.8
2025-11-24 02:25:23.737931,MARICO,,yahoo_finance,,0.8
2025-11-24 02:25:23.737929,MARICO,,yahoo_finance,,0.8
2025-11-24 02:25:23.737927,MARICO,,yahoo_finance,,0.8
2025-11-24 02:25:23.737924,MARICO,,yahoo_finance,,0.8
2025-11-24 02:25:23.737894,MARICO,,yahoo_finance,,0.8
2025-11-24 02:25:22.566797,MANAPPURAM,,yahoo_finance,,0.8
2025-11-24 02:25:22.566795,MANAPPURAM,,yahoo_finance,,0.8
2025-11-24 02:25:22.566794,MANAPPURAM,,yahoo_finance,,0.8
2025-11-24 02:25:22.566782,MANAPPURAM,,yahoo_finance,,0.8
2025-11-24 02:25:21.346711,MAHSEAMLES,,yahoo_finance,,0.8
2025-11-24 02:25:21.346702,MAHSEAMLES,,yahoo_finance,,0.8
2025-11-24 02:25:19.079683,MAHLOG,,yahoo_finance,,0.8
2025-11-24 02:25:19.079681,MAHLOG,,yahoo_finance,,0.8
2025-11-24 02:25:19.079680,MAHLOG,,yahoo_finance,,0.8
2025-11-24 02:25:19.079678,MAHLOG,,yahoo_finance,,0.8
2025-11-24 02:25:19.079676,MAHLOG,,yahoo_finance,,0.8
2025-11-24 02:25:19.079659,MAHLOG,,yahoo_finance,,0.8
2025-11-24 02:25:17.947736,MAHABANK,,yahoo_finance,,0.8
2025-11-24 02:25:17.947735,MAHABANK,,yahoo_finance,,0.8
2025-11-24 02:25:17.947733,MAHABANK,,yahoo_finance,,0.8
2025-11-24 02:25:17.947731,MAHABANK,,yahoo_finance,,0.8
2025-11-24 02:25:17.947693,MAHABANK,,yahoo_finance,,0.8
2025-11-24 02:25:16.781453,M&MFIN,,yahoo_finance,,0.8
2025-11-24 02:25:16.781450,M&MFIN,,yahoo_finance,,0.8
2025-11-24 02:25:16.781412,M&MFIN,,yahoo_finance,,0.8
2025-11-24 02:25:15.605237,M&M,,yahoo_finance,,0.8
2025-11-24 02:25:15.605236,M&M,,yahoo_finance,,0.8
2025-11-24 02:25:15.605234,M&M,,yahoo_finance,,0.8
2025-11-24 02:25:15.605233,M&M,,yahoo_finance,,0.8
2025-11-24 02:25:15.605232,M&M,,yahoo_finance,,0.8
2025-11-24 02:25:15.605230,M&M,,yahoo_finance,,0.8
2025-11-24 02:25:15.605228,M&M,,yahoo_finance,,0.8
2025-11-24 02:25:15.605227,M&M,,yahoo_finance,,0.8
2025-11-24 02:25:15.605225,M&M,,yahoo_finance,,0.8
2025-11-24 02:25:15.605213,M&M,,yahoo_finance,,0.8
2025-11-24 02:25:13.335961,LUPIN,,yahoo_finance,,0.8
2025-11-24 02:25:13.335960,LUPIN,,yahoo_finance,,0.8
2025-11-24 02:25:13.335960,LUPIN,,yahoo_finance,,0.8
2025-11-24 02:25:13.335959,LUPIN,,yahoo_finance,,0.8
2025-11-24 02:25:13.335958,LUPIN,,yahoo_finance,,0.8
2025-11-24 02:25:13.335958,LUPIN,,yahoo_finance,,0.8
2025-11-24 02:25:13.335957,LUPIN,,yahoo_finance,,0.8
2025-11-24 02:25:13.335956,LUPIN,,yahoo_finance,,0.8
2025-11-24 02:25:13.335955,LUPIN,,yahoo_finance,,0.8
2025-11-24 02:25:13.335948,LUPIN,,yahoo_finance,,0.8
2025-11-24 02:25:12.101078,LTTS,,yahoo_finance,,0.8
2025-11-24 02:25:12.101077,LTTS,,yahoo_finance,,0.8
2025-11-24 02:25:12.101075,LTTS,,yahoo_finance,,0.8
2025-11-24 02:25:12.101073,LTTS,,yahoo_finance,,0.8
2025-11-24 02:25:12.101071,LTTS,,yahoo_finance,,0.8
2025-11-24 02:25:12.101069,LTTS,,yahoo_finance,,0.8
2025-11-24 02:25:12.101067,LTTS,,yahoo_finance,,0.8
2025-11-24 02:25:12.101034,LTTS,,yahoo_finance,,0.8
2025-11-24 02:25:10.926248,LTIM,,yahoo_finance,,0.8
2025-11-24 02:25:10.926247,LTIM,,yahoo_finance,,0.8
2025-11-24 02:25:10.926246,LTIM,,yahoo_finance,,0.8
2025-11-24 02:25:10.926246,LTIM,,yahoo_finance,,0.8
2025-11-24 02:25:10.926245,LTIM,,yahoo_finance,,0.8
2025-11-24 02:25:10.926245,LTIM,,yahoo_finance,,0.8
2025-11-24 02:25:10.926244,LTIM,,yahoo_finance,,0.8
2025-11-24 02:25:10.926244,LTIM,,yahoo_finance,,0.8
2025-11-24 02:25:10.926243,LTIM,,yahoo_finance,,0.8
2025-11-24 02:25:10.926236,LTIM,,yahoo_finance,,0.8
2025-11-24 02:25:09.693442,LT,,yahoo_finance,,0.8
2025-11-24 02:25:09.693440,LT,,yahoo_finance,,0.8
2025-11-24 02:25:09.693438,LT,,yahoo_finance,,0.8
2025-11-24 02:25:09.693436,LT,,yahoo_finance,,0.8
2025-11-24 02:25:09.693434,LT,,yahoo_finance,,0.8
2025-11-24 02:25:09.693432,LT,,yahoo_finance,,0.8
2025-11-24 02:25:09.693430,LT,,yahoo_finance,,0.8
2025-11-24 02:25:09.693427,LT,,yahoo_finance,,0.8
2025-11-24 02:25:09.693424,LT,,yahoo_finance,,0.8
2025-11-24 02:25:09.693407,LT,,yahoo_finance,,0.8
2025-11-24 02:25:07.386854,LICI,,yahoo_finance,,0.8
2025-11-24 02:25:07.386853,LICI,,yahoo_finance,,0.8
2025-11-24 02:25:07.386852,LICI,,yahoo_finance,,0.8
2025-11-24 02:25:07.386851,LICI,,yahoo_finance,,0.8
2025-11-24 02:25:07.386849,LICI,,yahoo_finance,,0.8
2025-11-24 02:25:07.386837,LICI,,yahoo_finance,,0.8
2025-11-24 02:25:06.213928,LICHSGFIN,,yahoo_finance,,0.8
2025-11-24 02:25:06.213927,LICHSGFIN,,yahoo_finance,,0.8
2025-11-24 02:25:06.213926,LICHSGFIN,,yahoo_finance,,0.8
2025-11-24 02:25:06.213911,LICHSGFIN,,yahoo_finance,,0.8
2025-11-24 02:25:04.945053,LEMONTREE,,yahoo_finance,,0.8
2025-11-24 02:25:04.945052,LEMONTREE,,yahoo_finance,,0.8
2025-11-24 02:25:04.945052,LEMONTREE,,yahoo_finance,,0.8
2025-11-24 02:25:04.945051,LEMONTREE,,yahoo_finance,,0.8
2025-11-24 02:25:04.945046,LEMONTREE,,yahoo_finance,,0.8
2025-11-24 02:25:04.945045,LEMONTREE,,yahoo_finance,,0.8
2025-11-24 02:25:04.945045,LEMONTREE,,yahoo_finance,,0.8
2025-11-24 02:25:04.945044,LEMONTREE,,yahoo_finance,,0.8
2025-11-24 02:25:04.945042,LEMONTREE,,yahoo_finance,,0.8
2025-11-24 02:25:04.945026,LEMONTREE,,yahoo_finance,,0.8
2025-11-24 02:25:03.744941,LAURUSLABS,,yahoo_finance,,0.8
2025-11-24 02:25:03.744940,LAURUSLABS,,yahoo_finance,,0.8
2025-11-24 02:25:03.744938,LAURUSLABS,,yahoo_finance,,0.8
2025-11-24 02:25:03.744936,LAURUSLABS,,yahoo_finance,,0.8
2025-11-24 02:25:03.744933,LAURUSLABS,,yahoo_finance,,0.8
2025-11-24 02:25:03.744903,LAURUSLABS,,yahoo_finance,,0.8
2025-11-24 02:25:01.483884,LALPATHLAB,,yahoo_finance,,0.8
2025-11-24 02:25:01.483878,LALPATHLAB,,yahoo_finance,,0.8
2025-11-24 02:24:58.025658,KRBL,,yahoo_finance,,0.8
2025-11-24 02:24:55.767196,KPITTECH,,yahoo_finance,,0.8
2025-11-24 02:24:55.767195,KPITTECH,,yahoo_finance,,0.8
2025-11-24 02:24:55.767193,KPITTECH,,yahoo_finance,,0.8
2025-11-24 02:24:55.767192,KPITTECH,,yahoo_finance,,0.8
2025-11-24 02:24:55.767191,KPITTECH,,yahoo_finance,,0.8
2025-11-24 02:24:55.767189,KPITTECH,,yahoo_finance,,0.8
2025-11-24 02:24:55.767175,KPITTECH,,yahoo_finance,,0.8
2025-11-24 02:24:54.631486,KOTAKBANK,,yahoo_finance,,0.8
2025-11-24 02:24:54.631485,KOTAKBANK,,yahoo_finance,,0.8
2025-11-24 02:24:54.631484,KOTAKBANK,,yahoo_finance,,0.8
2025-11-24 02:24:54.631482,KOTAKBANK,,yahoo_finance,,0.8
2025-11-24 02:24:54.631481,KOTAKBANK,,yahoo_finance,,0.8
2025-11-24 02:24:54.631479,KOTAKBANK,,yahoo_finance,,0.8
2025-11-24 02:24:54.631478,KOTAKBANK,,yahoo_finance,,0.8
2025-11-24 02:24:54.631477,KOTAKBANK,,yahoo_finance,,0.8
2025-11-24 02:24:54.631475,KOTAKBANK,,yahoo_finance,,0.8
2025-11-24 02:24:54.631462,KOTAKBANK,,yahoo_finance,,0.8
2025-11-24 02:24:53.487857,KNRCON,,yahoo_finance,,0.8
2025-11-24 02:24:51.239437,KEC,,yahoo_finance,,0.8
2025-11-24 02:24:51.239436,KEC,,yahoo_finance,,0.8
2025-11-24 02:24:51.239430,KEC,,yahoo_finance,,0.8
2025-11-24 02:24:50.094049,KARURVYSYA,,yahoo_finance,,0.8
2025-11-24 02:24:50.094046,KARURVYSYA,,yahoo_finance,,0.8
2025-11-24 02:24:50.094024,KARURVYSYA,,yahoo_finance,,0.8
2025-11-24 02:24:48.918867,KANSAINER,,yahoo_finance,,0.8
2025-11-24 02:24:48.918865,KANSAINER,,yahoo_finance,,0.8
2025-11-24 02:24:48.918838,KANSAINER,,yahoo_finance,,0.8
2025-11-24 02:24:46.618682,JYOTHYLAB,,yahoo_finance,,0.8
2025-11-24 02:24:44.386460,JUBLFOOD,,yahoo_finance,,0.8
2025-11-24 02:24:44.386458,JUBLFOOD,,yahoo_finance,,0.8
2025-11-24 02:24:44.386457,JUBLFOOD,,yahoo_finance,,0.8
2025-11-24 02:24:44.386456,JUBLFOOD,,yahoo_finance,,0.8
2025-11-24 02:24:44.386454,JUBLFOOD,,yahoo_finance,,0.8
2025-11-24 02:24:44.386452,JUBLFOOD,,yahoo_finance,,0.8
2025-11-24 02:24:44.386441,JUBLFOOD,,yahoo_finance,,0.8
2025-11-24 02:24:42.114302,JSWSTEEL,,yahoo_finance,,0.8
2025-11-24 02:24:42.114300,JSWSTEEL,,yahoo_finance,,0.8
2025-11-24 02:24:42.114299,JSWSTEEL,,yahoo_finance,,0.8
2025-11-24 02:24:42.114297,JSWSTEEL,,yahoo_finance,,0.8
2025-11-24 02:24:42.114288,JSWSTEEL,,yahoo_finance,,0.8
2025-11-24 02:24:42.114287,JSWSTEEL,,yahoo_finance,,0.8
2025-11-24 02:24:42.114286,JSWSTEEL,,yahoo_finance,,0.8
2025-11-24 02:24:42.114284,JSWSTEEL,,yahoo_finance,,0.8
2025-11-24 02:24:42.114282,JSWSTEEL,,yahoo_finance,,0.8
2025-11-24 02:24:42.114248,JSWSTEEL,,yahoo_finance,,0.8
2025-11-24 02:24:40.932746,JSWENERGY,,yahoo_finance,,0.8
2025-11-24 02:24:40.932746,JSWENERGY,,yahoo_finance,,0.8
2025-11-24 02:24:40.932745,JSWENERGY,,yahoo_finance,,0.8
2025-11-24 02:24:40.932744,JSWENERGY,,yahoo_finance,,0.8
2025-11-24 02:24:40.932743,JSWENERGY,,yahoo_finance,,0.8
2025-11-24 02:24:40.932743,JSWENERGY,,yahoo_finance,,0.8
2025-11-24 02:24:40.932742,JSWENERGY,,yahoo_finance,,0.8
2025-11-24 02:24:40.932741,JSWENERGY,,yahoo_finance,,0.8
2025-11-24 02:24:40.932740,JSWENERGY,,yahoo_finance,,0.8
2025-11-24 02:24:40.932734,JSWENERGY,,yahoo_finance,,0.8
2025-11-24 02:24:39.748713,JSL,,yahoo_finance,,0.8
2025-11-24 02:24:39.748697,JSL,,yahoo_finance,,0.8
2025-11-24 02:24:38.600950,JMFINANCIL,,yahoo_finance,,0.8
2025-11-24 02:24:38.600919,JMFINANCIL,,yahoo_finance,,0.8
2025-11-24 02:24:37.437337,JKTYRE,,yahoo_finance,,0.8
2025-11-24 02:24:36.309272,JKPAPER,,yahoo_finance,,0.8
2025-11-24 02:24:36.309258,JKPAPER,,yahoo_finance,,0.8
2025-11-24 02:24:34.047334,JKCEMENT,,yahoo_finance,,0.8
2025-11-24 02:24:32.908555,JINDALSTEL,,yahoo_finance,,0.8
2025-11-24 02:24:32.908552,JINDALSTEL,,yahoo_finance,,0.8
2025-11-24 02:24:32.908550,JINDALSTEL,,yahoo_finance,,0.8
2025-11-24 02:24:32.908547,JINDALSTEL,,yahoo_finance,,0.8
2025-11-24 02:24:32.908544,JINDALSTEL,,yahoo_finance,,0.8
2025-11-24 02:24:32.908541,JINDALSTEL,,yahoo_finance,,0.8
2025-11-24 02:24:32.908538,JINDALSTEL,,yahoo_finance,,0.8
2025-11-24 02:24:32.908534,JINDALSTEL,,yahoo_finance,,0.8
2025-11-24 02:24:32.908519,JINDALSTEL,,yahoo_finance,,0.8
2025-11-24 02:24:31.711772,JINDALSAW,,yahoo_finance,,0.8
2025-11-24 02:24:26.089577,ITC,,yahoo_finance,,0.8
2025-11-24 02:24:26.089559,ITC,,yahoo_finance,,0.8
2025-11-24 02:24:24.975867,IRCTC,,yahoo_finance,,0.8
2025-11-24 02:24:23.815163,IRCON,,yahoo_finance,,0.8
2025-11-24 02:24:23.815161,IRCON,,yahoo_finance,,0.8
2025-11-24 02:24:23.815150,IRCON,,yahoo_finance,,0.8
2025-11-24 02:24:22.690241,IRB,,yahoo_finance,,0.8
2025-11-24 02:24:22.690224,IRB,,yahoo_finance,,0.8
2025-11-24 02:24:21.569374,IPCALAB,,yahoo_finance,,0.8
2025-11-24 02:24:21.569368,IPCALAB,,yahoo_finance,,0.8
2025-11-24 02:24:19.309485,IOC,,yahoo_finance,,0.8
2025-11-24 02:24:19.309484,IOC,,yahoo_finance,,0.8
2025-11-24 02:24:19.309484,IOC,,yahoo_finance,,0.8
2025-11-24 02:24:19.309483,IOC,,yahoo_finance,,0.8
2025-11-24 02:24:19.309482,IOC,,yahoo_finance,,0.8
2025-11-24 02:24:19.309481,IOC,,yahoo_finance,,0.8
2025-11-24 02:24:19.309481,IOC,,yahoo_finance,,0.8
2025-11-24 02:24:19.309480,IOC,,yahoo_finance,,0.8
2025-11-24 02:24:19.309478,IOC,,yahoo_finance,,0.8
2025-11-24 02:24:19.309470,IOC,,yahoo_finance,,0.8
2025-11-24 02:24:18.169620,IOB,,yahoo_finance,,0.8
2025-11-24 02:24:18.169617,IOB,,yahoo_finance,,0.8
2025-11-24 02:24:18.169613,IOB,,yahoo_finance,,0.8
2025-11-24 02:24:18.169609,IOB,,yahoo_finance,,0.8
2025-11-24 02:24:18.169569,IOB,,yahoo_finance,,0.8
2025-11-24 02:24:16.996156,INTELLECT,,yahoo_finance,,0.8
2025-11-24 02:24:16.996154,INTELLECT,,yahoo_finance,,0.8
2025-11-24 02:24:16.996152,INTELLECT,,yahoo_finance,,0.8
2025-11-24 02:24:16.996136,INTELLECT,,yahoo_finance,,0.8
2025-11-24 02:24:14.726038,INFY,,yahoo_finance,,0.8
2025-11-24 02:24:14.726036,INFY,,yahoo_finance,,0.8
2025-11-24 02:24:14.726034,INFY,,yahoo_finance,,0.8
2025-11-24 02:24:14.726033,INFY,,yahoo_finance,,0.8
2025-11-24 02:24:14.726031,INFY,,yahoo_finance,,0.8
2025-11-24 02:24:14.726029,INFY,,yahoo_finance,,0.8
2025-11-24 02:24:14.726028,INFY,,yahoo_finance,,0.8
2025-11-24 02:24:14.726026,INFY,,yahoo_finance,,0.8
2025-11-24 02:24:14.726024,INFY,,yahoo_finance,,0.8
2025-11-24 02:24:14.726001,INFY,,yahoo_finance,,0.8
2025-11-24 02:24:13.584800,INFIBEAM,,yahoo_finance,,0.8
2025-11-24 02:24:11.345083,INDUSINDBK,,yahoo_finance,,0.8
2025-11-24 02:24:11.345082,INDUSINDBK,,yahoo_finance,,0.8
2025-11-24 02:24:11.345081,INDUSINDBK,,yahoo_finance,,0.8
2025-11-24 02:24:11.345079,INDUSINDBK,,yahoo_finance,,0.8
2025-11-24 02:24:11.345078,INDUSINDBK,,yahoo_finance,,0.8
2025-11-24 02:24:11.345077,INDUSINDBK,,yahoo_finance,,0.8
2025-11-24 02:24:11.345076,INDUSINDBK,,yahoo_finance,,0.8
2025-11-24 02:24:11.345074,INDUSINDBK,,yahoo_finance,,0.8
2025-11-24 02:24:11.345072,INDUSINDBK,,yahoo_finance,,0.8
2025-11-24 02:24:11.345058,INDUSINDBK,,yahoo_finance,,0.8
2025-11-24 02:24:10.181376,INDOCO,,yahoo_finance,,0.8
2025-11-24 02:24:09.055359,INDIGO,,yahoo_finance,,0.8
2025-11-24 02:24:09.055357,INDIGO,,yahoo_finance,,0.8
2025-11-24 02:24:09.055356,INDIGO,,yahoo_finance,,0.8
2025-11-24 02:24:09.055354,INDIGO,,yahoo_finance,,0.8
2025-11-24 02:24:09.055353,INDIGO,,yahoo_finance,,0.8
2025-11-24 02:24:09.055351,INDIGO,,yahoo_finance,,0.8
2025-11-24 02:24:09.055349,INDIGO,,yahoo_finance,,0.8
2025-11-24 02:24:09.055347,INDIGO,,yahoo_finance,,0.8
2025-11-24 02:24:09.055344,INDIGO,,yahoo_finance,,0.8
2025-11-24 02:24:09.055317,INDIGO,,yahoo_finance,,0.8
2025-11-24 02:24:07.860709,INDIANB,,yahoo_finance,,0.8
2025-11-24 02:24:07.860707,INDIANB,,yahoo_finance,,0.8
2025-11-24 02:24:07.860703,INDIANB,,yahoo_finance,,0.8
2025-11-24 02:24:07.860666,INDIANB,,yahoo_finance,,0.8
2025-11-24 02:24:05.616424,INDIACEM,,yahoo_finance,,0.8
2025-11-24 02:24:05.616423,INDIACEM,,yahoo_finance,,0.8
2025-11-24 02:24:05.616421,INDIACEM,,yahoo_finance,,0.8
2025-11-24 02:24:05.616420,INDIACEM,,yahoo_finance,,0.8
2025-11-24 02:24:05.616418,INDIACEM,,yahoo_finance,,0.8
2025-11-24 02:24:05.616401,INDIACEM,,yahoo_finance,,0.8
2025-11-24 02:24:04.285934,INDHOTEL,,yahoo_finance,,0.8
2025-11-24 02:24:04.285933,INDHOTEL,,yahoo_finance,,0.8
2025-11-24 02:24:04.285931,INDHOTEL,,yahoo_finance,,0.8
2025-11-24 02:24:04.285930,INDHOTEL,,yahoo_finance,,0.8
2025-11-24 02:24:04.285929,INDHOTEL,,yahoo_finance,,0.8
2025-11-24 02:24:04.285927,INDHOTEL,,yahoo_finance,,0.8
2025-11-24 02:24:04.285926,INDHOTEL,,yahoo_finance,,0.8
2025-11-24 02:24:04.285924,INDHOTEL,,yahoo_finance,,0.8
2025-11-24 02:24:04.285922,INDHOTEL,,yahoo_finance,,0.8
2025-11-24 02:24:04.285906,INDHOTEL,,yahoo_finance,,0.8
2025-11-24 02:24:02.989636,IIFL,,yahoo_finance,,0.8
2025-11-24 02:24:02.989633,IIFL,,yahoo_finance,,0.8
2025-11-24 02:24:02.989628,IIFL,,yahoo_finance,,0.8
2025-11-24 02:24:02.989586,IIFL,,yahoo_finance,,0.8
2025-11-24 02:24:01.826222,IGL,,yahoo_finance,,0.8
2025-11-24 02:24:01.826218,IGL,,yahoo_finance,,0.8
2025-11-24 02:24:01.826193,IGL,,yahoo_finance,,0.8
2025-11-24 02:24:00.468883,IFBIND,,yahoo_finance,,0.8
2025-11-24 02:23:59.282686,IEX,,yahoo_finance,,0.8
2025-11-24 02:23:59.282685,IEX,,yahoo_finance,,0.8
2025-11-24 02:23:59.282685,IEX,,yahoo_finance,,0.8
2025-11-24 02:23:59.282684,IEX,,yahoo_finance,,0.8
2025-11-24 02:23:59.282683,IEX,,yahoo_finance,,0.8
2025-11-24 02:23:59.282683,IEX,,yahoo_finance,,0.8
2025-11-24 02:23:59.282682,IEX,,yahoo_finance,,0.8
2025-11-24 02:23:59.282681,IEX,,yahoo_finance,,0.8
2025-11-24 02:23:59.282674,IEX,,yahoo_finance,,0.8
2025-11-24 02:23:58.071082,IDFCFIRSTB,,yahoo_finance,,0.8
2025-11-24 02:23:58.071080,IDFCFIRSTB,,yahoo_finance,,0.8
2025-11-24 02:23:58.071079,IDFCFIRSTB,,yahoo_finance,,0.8
2025-11-24 02:23:58.071077,IDFCFIRSTB,,yahoo_finance,,0.8
2025-11-24 02:23:58.071075,IDFCFIRSTB,,yahoo_finance,,0.8
2025-11-24 02:23:58.071073,IDFCFIRSTB,,yahoo_finance,,0.8
2025-11-24 02:23:58.071055,IDFCFIRSTB,,yahoo_finance,,0.8
2025-11-24 02:23:56.922668,IDEA,,yahoo_finance,,0.8
2025-11-24 02:23:56.922665,IDEA,,yahoo_finance,,0.8
2025-11-24 02:23:56.922662,IDEA,,yahoo_finance,,0.8
2025-11-24 02:23:56.922660,IDEA,,yahoo_finance,,0.8
2025-11-24 02:23:56.922657,IDEA,,yahoo_finance,,0.8
2025-11-24 02:23:56.922654,IDEA,,yahoo_finance,,0.8
2025-11-24 02:23:56.922651,IDEA,,yahoo_finance,,0.8
2025-11-24 02:23:56.922648,IDEA,,yahoo_finance,,0.8
2025-11-24 02:23:56.922644,IDEA,,yahoo_finance,,0.8
2025-11-24 02:23:56.922615,IDEA,,yahoo_finance,,0.8
2025-11-24 02:23:55.777634,IDBI,,yahoo_finance,,0.8
2025-11-24 02:23:55.777633,IDBI,,yahoo_finance,,0.8
2025-11-24 02:23:55.777631,IDBI,,yahoo_finance,,0.8
2025-11-24 02:23:55.777629,IDBI,,yahoo_finance,,0.8
2025-11-24 02:23:55.777627,IDBI,,yahoo_finance,,0.8
2025-11-24 02:23:55.777624,IDBI,,yahoo_finance,,0.8
2025-11-24 02:23:55.777587,IDBI,,yahoo_finance,,0.8
2025-11-24 02:23:54.643920,ICIL,,yahoo_finance,,0.8
2025-11-24 02:23:53.521968,ICICIPRULI,,yahoo_finance,,0.8
2025-11-24 02:23:53.521967,ICICIPRULI,,yahoo_finance,,0.8
2025-11-24 02:23:53.521966,ICICIPRULI,,yahoo_finance,,0.8
2025-11-24 02:23:53.521965,ICICIPRULI,,yahoo_finance,,0.8
2025-11-24 02:23:53.521964,ICICIPRULI,,yahoo_finance,,0.8
2025-11-24 02:23:53.521963,ICICIPRULI,,yahoo_finance,,0.8
2025-11-24 02:23:53.521961,ICICIPRULI,,yahoo_finance,,0.8
2025-11-24 02:23:53.521960,ICICIPRULI,,yahoo_finance,,0.8
2025-11-24 02:23:53.521958,ICICIPRULI,,yahoo_finance,,0.8
2025-11-24 02:23:53.521941,ICICIPRULI,,yahoo_finance,,0.8
2025-11-24 02:23:52.333490,ICICIGI,,yahoo_finance,,0.8
2025-11-24 02:23:52.333490,ICICIGI,,yahoo_finance,,0.8
2025-11-24 02:23:52.333489,ICICIGI,,yahoo_finance,,0.8
2025-11-24 02:23:52.333488,ICICIGI,,yahoo_finance,,0.8
2025-11-24 02:23:52.333487,ICICIGI,,yahoo_finance,,0.8
2025-11-24 02:23:52.333486,ICICIGI,,yahoo_finance,,0.8
2025-11-24 02:23:52.333479,ICICIGI,,yahoo_finance,,0.8
2025-11-24 02:23:51.191102,ICICIBANK,,yahoo_finance,,0.8
2025-11-24 02:23:51.191099,ICICIBANK,,yahoo_finance,,0.8
2025-11-24 02:23:51.191096,ICICIBANK,,yahoo_finance,,0.8
2025-11-24 02:23:51.191093,ICICIBANK,,yahoo_finance,,0.8
2025-11-24 02:23:51.191090,ICICIBANK,,yahoo_finance,,0.8
2025-11-24 02:23:51.191087,ICICIBANK,,yahoo_finance,,0.8
2025-11-24 02:23:51.191084,ICICIBANK,,yahoo_finance,,0.8
2025-11-24 02:23:51.191081,ICICIBANK,,yahoo_finance,,0.8
2025-11-24 02:23:51.191077,ICICIBANK,,yahoo_finance,,0.8
2025-11-24 02:23:51.191058,ICICIBANK,,yahoo_finance,,0.8
2025-11-24 02:23:47.622577,HUDCO,,yahoo_finance,,0.8
2025-11-24 02:23:44.300876,HINDZINC,,yahoo_finance,,0.8
2025-11-24 02:23:44.300875,HINDZINC,,yahoo_finance,,0.8
2025-11-24 02:23:44.300875,HINDZINC,,yahoo_finance,,0.8
2025-11-24 02:23:44.300874,HINDZINC,,yahoo_finance,,0.8
2025-11-24 02:23:44.300874,HINDZINC,,yahoo_finance,,0.8
2025-11-24 02:23:44.300873,HINDZINC,,yahoo_finance,,0.8
2025-11-24 02:23:44.300872,HINDZINC,,yahoo_finance,,0.8
2025-11-24 02:23:44.300871,HINDZINC,,yahoo_finance,,0.8
2025-11-24 02:23:44.300870,HINDZINC,,yahoo_finance,,0.8
2025-11-24 02:23:44.300864,HINDZINC,,yahoo_finance,,0.8
2025-11-24 02:23:43.088962,HINDUNILVR,,yahoo_finance,,0.8
2025-11-24 02:23:43.088960,HINDUNILVR,,yahoo_finance,,0.8
2025-11-24 02:23:43.088958,HINDUNILVR,,yahoo_finance,,0.8
2025-11-24 02:23:43.088956,HINDUNILVR,,yahoo_finance,,0.8
2025-11-24 02:23:43.088953,HINDUNILVR,,yahoo_finance,,0.8
2025-11-24 02:23:43.088943,HINDUNILVR,,yahoo_finance,,0.8
2025-11-24 02:23:43.088940,HINDUNILVR,,yahoo_finance,,0.8
2025-11-24 02:23:43.088937,HINDUNILVR,,yahoo_finance,,0.8
2025-11-24 02:23:43.088934,HINDUNILVR,,yahoo_finance,,0.8
2025-11-24 02:23:43.088908,HINDUNILVR,,yahoo_finance,,0.8
2025-11-24 02:23:41.772393,HINDPETRO,,yahoo_finance,,0.8
2025-11-24 02:23:41.772391,HINDPETRO,,yahoo_finance,,0.8
2025-11-24 02:23:41.772390,HINDPETRO,,yahoo_finance,,0.8
2025-11-24 02:23:41.772388,HINDPETRO,,yahoo_finance,,0.8
2025-11-24 02:23:41.772386,HINDPETRO,,yahoo_finance,,0.8
2025-11-24 02:23:41.772385,HINDPETRO,,yahoo_finance,,0.8
2025-11-24 02:23:41.772383,HINDPETRO,,yahoo_finance,,0.8
2025-11-24 02:23:41.772381,HINDPETRO,,yahoo_finance,,0.8
2025-11-24 02:23:41.772379,HINDPETRO,,yahoo_finance,,0.8
2025-11-24 02:23:41.772362,HINDPETRO,,yahoo_finance,,0.8
2025-11-24 02:23:39.469229,HINDALCO,,yahoo_finance,,0.8
2025-11-24 02:23:39.469228,HINDALCO,,yahoo_finance,,0.8
2025-11-24 02:23:39.469226,HINDALCO,,yahoo_finance,,0.8
2025-11-24 02:23:39.469224,HINDALCO,,yahoo_finance,,0.8
2025-11-24 02:23:39.469222,HINDALCO,,yahoo_finance,,0.8
2025-11-24 02:23:39.469221,HINDALCO,,yahoo_finance,,0.8
2025-11-24 02:23:39.469219,HINDALCO,,yahoo_finance,,0.8
2025-11-24 02:23:39.469217,HINDALCO,,yahoo_finance,,0.8
2025-11-24 02:23:39.469185,HINDALCO,,yahoo_finance,,0.8
2025-11-24 02:23:38.283337,HFCL,,yahoo_finance,,0.8
2025-11-24 02:23:37.143572,HEROMOTOCO,,yahoo_finance,,0.8
2025-11-24 02:23:37.143570,HEROMOTOCO,,yahoo_finance,,0.8
2025-11-24 02:23:37.143569,HEROMOTOCO,,yahoo_finance,,0.8
2025-11-24 02:23:37.143567,HEROMOTOCO,,yahoo_finance,,0.8
2025-11-24 02:23:37.143565,HEROMOTOCO,,yahoo_finance,,0.8
2025-11-24 02:23:37.143563,HEROMOTOCO,,yahoo_finance,,0.8
2025-11-24 02:23:37.143561,HEROMOTOCO,,yahoo_finance,,0.8
2025-11-24 02:23:37.143559,HEROMOTOCO,,yahoo_finance,,0.8
2025-11-24 02:23:37.143531,HEROMOTOCO,,yahoo_finance,,0.8
2025-11-24 02:23:33.680465,HEG,,yahoo_finance,,0.8
2025-11-24 02:23:32.563419,HDFCLIFE,,yahoo_finance,,0.8
2025-11-24 02:23:32.563417,HDFCLIFE,,yahoo_finance,,0.8
2025-11-24 02:23:32.563415,HDFCLIFE,,yahoo_finance,,0.8
2025-11-24 02:23:32.563414,HDFCLIFE,,yahoo_finance,,0.8
2025-11-24 02:23:32.563412,HDFCLIFE,,yahoo_finance,,0.8
2025-11-24 02:23:32.563410,HDFCLIFE,,yahoo_finance,,0.8
2025-11-24 02:23:32.563409,HDFCLIFE,,yahoo_finance,,0.8
2025-11-24 02:23:32.563407,HDFCLIFE,,yahoo_finance,,0.8
2025-11-24 02:23:32.563405,HDFCLIFE,,yahoo_finance,,0.8
2025-11-24 02:23:32.563389,HDFCLIFE,,yahoo_finance,,0.8
2025-11-24 02:23:31.439724,HDFCBANK,,yahoo_finance,,0.8
2025-11-24 02:23:31.439723,HDFCBANK,,yahoo_finance,,0.8
2025-11-24 02:23:31.439723,HDFCBANK,,yahoo_finance,,0.8
2025-11-24 02:23:31.439722,HDFCBANK,,yahoo_finance,,0.8
2025-11-24 02:23:31.439722,HDFCBANK,,yahoo_finance,,0.8
2025-11-24 02:23:31.439721,HDFCBANK,,yahoo_finance,,0.8
2025-11-24 02:23:31.439720,HDFCBANK,,yahoo_finance,,0.8
2025-11-24 02:23:31.439720,HDFCBANK,,yahoo_finance,,0.8
2025-11-24 02:23:31.439718,HDFCBANK,,yahoo_finance,,0.8
2025-11-24 02:23:31.439711,HDFCBANK,,yahoo_finance,,0.8
2025-11-24 02:23:30.291257,HDFCAMC,,yahoo_finance,,0.8
2025-11-24 02:23:30.291256,HDFCAMC,,yahoo_finance,,0.8
2025-11-24 02:23:30.291255,HDFCAMC,,yahoo_finance,,0.8
2025-11-24 02:23:30.291254,HDFCAMC,,yahoo_finance,,0.8
2025-11-24 02:23:30.291248,HDFCAMC,,yahoo_finance,,0.8
2025-11-24 02:23:29.163025,HCLTECH,,yahoo_finance,,0.8
2025-11-24 02:23:29.163024,HCLTECH,,yahoo_finance,,0.8
2025-11-24 02:23:29.163022,HCLTECH,,yahoo_finance,,0.8
2025-11-24 02:23:29.163021,HCLTECH,,yahoo_finance,,0.8
2025-11-24 02:23:29.163019,HCLTECH,,yahoo_finance,,0.8
2025-11-24 02:23:29.163017,HCLTECH,,yahoo_finance,,0.8
2025-11-24 02:23:29.163015,HCLTECH,,yahoo_finance,,0.8
2025-11-24 02:23:29.163014,HCLTECH,,yahoo_finance,,0.8
2025-11-24 02:23:29.163011,HCLTECH,,yahoo_finance,,0.8
2025-11-24 02:23:29.162987,HCLTECH,,yahoo_finance,,0.8
2025-11-24 02:23:27.727982,HAVELLS,,yahoo_finance,,0.8
2025-11-24 02:23:27.727979,HAVELLS,,yahoo_finance,,0.8
2025-11-24 02:23:27.727951,HAVELLS,,yahoo_finance,,0.8
2025-11-24 02:23:24.164536,HAL,,yahoo_finance,,0.8
2025-11-24 02:23:24.164534,HAL,,yahoo_finance,,0.8
2025-11-24 02:23:24.164514,HAL,,yahoo_finance,,0.8
2025-11-24 02:23:23.029747,GULFOILLUB,,yahoo_finance,,0.8
2025-11-24 02:23:21.895991,GUJGASLTD,,yahoo_finance,,0.8
2025-11-24 02:23:21.895990,GUJGASLTD,,yahoo_finance,,0.8
2025-11-24 02:23:21.895980,GUJGASLTD,,yahoo_finance,,0.8
2025-11-24 02:23:19.581159,GSPL,,yahoo_finance,,0.8
2025-11-24 02:23:17.303932,GRSE,,yahoo_finance,,0.8
2025-11-24 02:23:17.303931,GRSE,,yahoo_finance,,0.8
2025-11-24 02:23:17.303922,GRSE,,yahoo_finance,,0.8
2025-11-24 02:23:15.006584,GREAVESCOT,,yahoo_finance,,0.8
2025-11-24 02:23:13.880948,GRASIM,,yahoo_finance,,0.8
2025-11-24 02:23:13.880945,GRASIM,,yahoo_finance,,0.8
2025-11-24 02:23:13.880942,GRASIM,,yahoo_finance,,0.8
2025-11-24 02:23:13.880939,GRASIM,,yahoo_finance,,0.8
2025-11-24 02:23:13.880935,GRASIM,,yahoo_finance,,0.8
2025-11-24 02:23:13.880917,GRASIM,,yahoo_finance,,0.8
2025-11-24 02:23:11.519033,GRANULES,,yahoo_finance,,0.8
2025-11-24 02:23:11.519031,GRANULES,,yahoo_finance,,0.8
2025-11-24 02:23:11.519018,GRANULES,,yahoo_finance,,0.8
2025-11-24 02:23:09.220564,GODREJPROP,,yahoo_finance,,0.8
2025-11-24 02:23:09.220563,GODREJPROP,,yahoo_finance,,0.8
2025-11-24 02:23:09.220563,GODREJPROP,,yahoo_finance,,0.8
2025-11-24 02:23:09.220557,GODREJPROP,,yahoo_finance,,0.8
2025-11-24 02:23:08.100688,GODREJIND,,yahoo_finance,,0.8
2025-11-24 02:23:08.100686,GODREJIND,,yahoo_finance,,0.8
2025-11-24 02:23:08.100661,GODREJIND,,yahoo_finance,,0.8
2025-11-24 02:23:06.971598,GODREJCP,,yahoo_finance,,0.8
2025-11-24 02:23:06.971597,GODREJCP,,yahoo_finance,,0.8
2025-11-24 02:23:06.971595,GODREJCP,,yahoo_finance,,0.8
2025-11-24 02:23:06.971594,GODREJCP,,yahoo_finance,,0.8
2025-11-24 02:23:06.971592,GODREJCP,,yahoo_finance,,0.8
2025-11-24 02:23:06.971575,GODREJCP,,yahoo_finance,,0.8
2025-11-24 02:23:05.829190,GODREJAGRO,,yahoo_finance,,0.8
2025-11-24 02:23:05.829189,GODREJAGRO,,yahoo_finance,,0.8
2025-11-24 02:23:05.829188,GODREJAGRO,,yahoo_finance,,0.8
2025-11-24 02:23:05.829175,GODREJAGRO,,yahoo_finance,,0.8
2025-11-24 02:23:03.583707,GNFC,,yahoo_finance,,0.8
2025-11-24 02:23:02.459993,GMMPFAUDLR,,yahoo_finance,,0.8
2025-11-24 02:23:02.459991,GMMPFAUDLR,,yahoo_finance,,0.8
2025-11-24 02:23:02.459979,GMMPFAUDLR,,yahoo_finance,,0.8
2025-11-24 02:23:01.341474,GLENMARK,,yahoo_finance,,0.8
2025-11-24 02:23:01.341473,GLENMARK,,yahoo_finance,,0.8
2025-11-24 02:23:01.341472,GLENMARK,,yahoo_finance,,0.8
2025-11-24 02:23:01.341471,GLENMARK,,yahoo_finance,,0.8
2025-11-24 02:23:01.341470,GLENMARK,,yahoo_finance,,0.8
2025-11-24 02:23:01.341469,GLENMARK,,yahoo_finance,,0.8
2025-11-24 02:23:01.341468,GLENMARK,,yahoo_finance,,0.8
2025-11-24 02:23:01.341461,GLENMARK,,yahoo_finance,,0.8
2025-11-24 02:23:00.146799,GLAXO,,yahoo_finance,,0.8
2025-11-24 02:23:00.146798,GLAXO,,yahoo_finance,,0.8
2025-11-24 02:23:00.146796,GLAXO,,yahoo_finance,,0.8
2025-11-24 02:23:00.146794,GLAXO,,yahoo_finance,,0.8
2025-11-24 02:23:00.146793,GLAXO,,yahoo_finance,,0.8
2025-11-24 02:23:00.146792,GLAXO,,yahoo_finance,,0.8
2025-11-24 02:23:00.146791,GLAXO,,yahoo_finance,,0.8
2025-11-24 02:23:00.146789,GLAXO,,yahoo_finance,,0.8
2025-11-24 02:23:00.146787,GLAXO,,yahoo_finance,,0.8
2025-11-24 02:23:00.146776,GLAXO,,yahoo_finance,,0.8
2025-11-24 02:22:58.876762,GLAND,,yahoo_finance,,0.8
2025-11-24 02:22:58.876759,GLAND,,yahoo_finance,,0.8
2025-11-24 02:22:58.876755,GLAND,,yahoo_finance,,0.8
2025-11-24 02:22:58.876727,GLAND,,yahoo_finance,,0.8
2025-11-24 02:22:57.688513,GILLETTE,,yahoo_finance,,0.8
2025-11-24 02:22:56.561185,GICRE,,yahoo_finance,,0.8
2025-11-24 02:22:56.561184,GICRE,,yahoo_finance,,0.8
2025-11-24 02:22:56.561182,GICRE,,yahoo_finance,,0.8
2025-11-24 02:22:56.561161,GICRE,,yahoo_finance,,0.8
2025-11-24 02:22:55.373552,GESHIP,,yahoo_finance,,0.8
2025-11-24 02:22:55.373542,GESHIP,,yahoo_finance,,0.8
2025-11-24 02:22:53.114164,GALAXYSURF,,yahoo_finance,,0.8
2025-11-24 02:22:53.114162,GALAXYSURF,,yahoo_finance,,0.8
2025-11-24 02:22:53.114145,GALAXYSURF,,yahoo_finance,,0.8
2025-11-24 02:22:51.785242,GAIL,,yahoo_finance,,0.8
2025-11-24 02:22:51.785240,GAIL,,yahoo_finance,,0.8
2025-11-24 02:22:51.785237,GAIL,,yahoo_finance,,0.8
2025-11-24 02:22:51.785234,GAIL,,yahoo_finance,,0.8
2025-11-24 02:22:51.785231,GAIL,,yahoo_finance,,0.8
2025-11-24 02:22:51.785228,GAIL,,yahoo_finance,,0.8
2025-11-24 02:22:51.785225,GAIL,,yahoo_finance,,0.8
2025-11-24 02:22:51.785222,GAIL,,yahoo_finance,,0.8
2025-11-24 02:22:51.785218,GAIL,,yahoo_finance,,0.8
2025-11-24 02:22:51.785194,GAIL,,yahoo_finance,,0.8
2025-11-24 02:22:49.258051,FSL,,yahoo_finance,,0.8
2025-11-24 02:22:48.089593,FORTIS,,yahoo_finance,,0.8
2025-11-24 02:22:48.089591,FORTIS,,yahoo_finance,,0.8
2025-11-24 02:22:48.089590,FORTIS,,yahoo_finance,,0.8
2025-11-24 02:22:48.089589,FORTIS,,yahoo_finance,,0.8
2025-11-24 02:22:48.089587,FORTIS,,yahoo_finance,,0.8
2025-11-24 02:22:48.089586,FORTIS,,yahoo_finance,,0.8
2025-11-24 02:22:48.089585,FORTIS,,yahoo_finance,,0.8
2025-11-24 02:22:48.089583,FORTIS,,yahoo_finance,,0.8
2025-11-24 02:22:48.089581,FORTIS,,yahoo_finance,,0.8
2025-11-24 02:22:48.089562,FORTIS,,yahoo_finance,,0.8
2025-11-24 02:22:46.914616,FLUOROCHEM,,yahoo_finance,,0.8
2025-11-24 02:22:45.734775,FINPIPE,,yahoo_finance,,0.8
2025-11-24 02:22:44.600326,FINEORG,,yahoo_finance,,0.8
2025-11-24 02:22:42.353452,FEDERALBNK,,yahoo_finance,,0.8
2025-11-24 02:22:42.353451,FEDERALBNK,,yahoo_finance,,0.8
2025-11-24 02:22:42.353450,FEDERALBNK,,yahoo_finance,,0.8
2025-11-24 02:22:42.353449,FEDERALBNK,,yahoo_finance,,0.8
2025-11-24 02:22:42.353448,FEDERALBNK,,yahoo_finance,,0.8
2025-11-24 02:22:42.353447,FEDERALBNK,,yahoo_finance,,0.8
2025-11-24 02:22:42.353446,FEDERALBNK,,yahoo_finance,,0.8
2025-11-24 02:22:42.353445,FEDERALBNK,,yahoo_finance,,0.8
2025-11-24 02:22:42.353436,FEDERALBNK,,yahoo_finance,,0.8
2025-11-24 02:22:38.922634,EXIDEIND,,yahoo_finance,,0.8
2025-11-24 02:22:38.922620,EXIDEIND,,yahoo_finance,,0.8
2025-11-24 02:22:37.762889,ESCORTS,,yahoo_finance,,0.8
2025-11-24 02:22:37.762877,ESCORTS,,yahoo_finance,,0.8
2025-11-24 02:22:36.644835,ERIS,,yahoo_finance,,0.8
2025-11-24 02:22:36.644818,ERIS,,yahoo_finance,,0.8
2025-11-24 02:22:35.493894,EPL,,yahoo_finance,,0.8
2025-11-24 02:22:34.352504,ENGINERSIN,,yahoo_finance,,0.8
2025-11-24 02:22:34.352503,ENGINERSIN,,yahoo_finance,,0.8
2025-11-24 02:22:34.352501,ENGINERSIN,,yahoo_finance,,0.8
2025-11-24 02:22:34.352485,ENGINERSIN,,yahoo_finance,,0.8
2025-11-24 02:22:33.176503,ENDURANCE,,yahoo_finance,,0.8
2025-11-24 02:22:33.176488,ENDURANCE,,yahoo_finance,,0.8
2025-11-24 02:22:31.998140,EMAMILTD,,yahoo_finance,,0.8
2025-11-24 02:22:31.998138,EMAMILTD,,yahoo_finance,,0.8
2025-11-24 02:22:31.998128,EMAMILTD,,yahoo_finance,,0.8
2025-11-24 02:22:30.817594,ELGIEQUIP,,yahoo_finance,,0.8
2025-11-24 02:22:29.704297,EIHOTEL,,yahoo_finance,,0.8
2025-11-24 02:22:29.704264,EIHOTEL,,yahoo_finance,,0.8
2025-11-24 02:22:27.413801,EICHERMOT,,yahoo_finance,,0.8
2025-11-24 02:22:27.413800,EICHERMOT,,yahoo_finance,,0.8
2025-11-24 02:22:27.413798,EICHERMOT,,yahoo_finance,,0.8
2025-11-24 02:22:27.413796,EICHERMOT,,yahoo_finance,,0.8
2025-11-24 02:22:27.413794,EICHERMOT,,yahoo_finance,,0.8
2025-11-24 02:22:27.413779,EICHERMOT,,yahoo_finance,,0.8
2025-11-24 02:22:25.992654,EDELWEISS,,yahoo_finance,,0.8
2025-11-24 02:22:23.766910,DRREDDY,,yahoo_finance,,0.8
2025-11-24 02:22:23.766908,DRREDDY,,yahoo_finance,,0.8
2025-11-24 02:22:23.766907,DRREDDY,,yahoo_finance,,0.8
2025-11-24 02:22:23.766905,DRREDDY,,yahoo_finance,,0.8
2025-11-24 02:22:23.766903,DRREDDY,,yahoo_finance,,0.8
2025-11-24 02:22:23.766900,DRREDDY,,yahoo_finance,,0.8
2025-11-24 02:22:23.766899,DRREDDY,,yahoo_finance,,0.8
2025-11-24 02:22:23.766897,DRREDDY,,yahoo_finance,,0.8
2025-11-24 02:22:23.766895,DRREDDY,,yahoo_finance,,0.8
2025-11-24 02:22:23.766877,DRREDDY,,yahoo_finance,,0.8
2025-11-24 02:22:21.459585,DLF,,yahoo_finance,,0.8
2025-11-24 02:22:20.340542,DIXON,,yahoo_finance,,0.8
2025-11-24 02:22:20.340539,DIXON,,yahoo_finance,,0.8
2025-11-24 02:22:20.340536,DIXON,,yahoo_finance,,0.8
2025-11-24 02:22:20.340532,DIXON,,yahoo_finance,,0.8
2025-11-24 02:22:20.340500,DIXON,,yahoo_finance,,0.8
2025-11-24 02:22:19.117380,DIVISLAB,,yahoo_finance,,0.8
2025-11-24 02:22:19.117379,DIVISLAB,,yahoo_finance,,0.8
2025-11-24 02:22:19.117377,DIVISLAB,,yahoo_finance,,0.8
2025-11-24 02:22:19.117376,DIVISLAB,,yahoo_finance,,0.8
2025-11-24 02:22:19.117374,DIVISLAB,,yahoo_finance,,0.8
2025-11-24 02:22:19.117372,DIVISLAB,,yahoo_finance,,0.8
2025-11-24 02:22:19.117348,DIVISLAB,,yahoo_finance,,0.8
2025-11-24 02:22:14.592510,DELTACORP,,yahoo_finance,,0.8
2025-11-24 02:22:12.324686,DCMSHRIRAM,,yahoo_finance,,0.8
2025-11-24 02:22:12.324673,DCMSHRIRAM,,yahoo_finance,,0.8
2025-11-24 02:22:08.885048,DBL,,yahoo_finance,,0.8
2025-11-24 02:22:07.741099,DALBHARAT,,yahoo_finance,,0.8
2025-11-24 02:22:06.567329,DABUR,,yahoo_finance,,0.8
2025-11-24 02:22:06.567328,DABUR,,yahoo_finance,,0.8
2025-11-24 02:22:06.567327,DABUR,,yahoo_finance,,0.8
2025-11-24 02:22:06.567326,DABUR,,yahoo_finance,,0.8
2025-11-24 02:22:06.567325,DABUR,,yahoo_finance,,0.8
2025-11-24 02:22:06.567324,DABUR,,yahoo_finance,,0.8
2025-11-24 02:22:06.567323,DABUR,,yahoo_finance,,0.8
2025-11-24 02:22:06.567322,DABUR,,yahoo_finance,,0.8
2025-11-24 02:22:06.567321,DABUR,,yahoo_finance,,0.8
2025-11-24 02:22:06.567305,DABUR,,yahoo_finance,,0.8
2025-11-24 02:22:05.396099,CYIENT,,yahoo_finance,,0.8
2025-11-24 02:22:05.396095,CYIENT,,yahoo_finance,,0.8
2025-11-24 02:22:05.396078,CYIENT,,yahoo_finance,,0.8
2025-11-24 02:22:04.077510,CUMMINSIND,,yahoo_finance,,0.8
2025-11-24 02:22:04.077507,CUMMINSIND,,yahoo_finance,,0.8
2025-11-24 02:22:04.077505,CUMMINSIND,,yahoo_finance,,0.8
2025-11-24 02:22:04.077473,CUMMINSIND,,yahoo_finance,,0.8
2025-11-24 02:22:02.899320,CUB,,yahoo_finance,,0.8
2025-11-24 02:22:01.780338,CSBBANK,,yahoo_finance,,0.8
2025-11-24 02:22:00.592336,CROMPTON,,yahoo_finance,,0.8
2025-11-24 02:22:00.592318,CROMPTON,,yahoo_finance,,0.8
2025-11-24 02:21:59.425646,CRISIL,,yahoo_finance,,0.8
2025-11-24 02:21:59.425645,CRISIL,,yahoo_finance,,0.8
2025-11-24 02:21:59.425644,CRISIL,,yahoo_finance,,0.8
2025-11-24 02:21:59.425643,CRISIL,,yahoo_finance,,0.8
2025-11-24 02:21:59.425642,CRISIL,,yahoo_finance,,0.8
2025-11-24 02:21:59.425641,CRISIL,,yahoo_finance,,0.8
2025-11-24 02:21:59.425630,CRISIL,,yahoo_finance,,0.8
2025-11-24 02:21:58.265251,CREDITACC,,yahoo_finance,,0.8
2025-11-24 02:21:58.265250,CREDITACC,,yahoo_finance,,0.8
2025-11-24 02:21:58.265247,CREDITACC,,yahoo_finance,,0.8
2025-11-24 02:21:58.265237,CREDITACC,,yahoo_finance,,0.8
2025-11-24 02:21:57.085741,COROMANDEL,,yahoo_finance,,0.8
2025-11-24 02:21:55.976246,CONCOR,,yahoo_finance,,0.8
2025-11-24 02:21:55.976243,CONCOR,,yahoo_finance,,0.8
2025-11-24 02:21:55.976209,CONCOR,,yahoo_finance,,0.8
2025-11-24 02:21:54.595938,COLPAL,,yahoo_finance,,0.8
2025-11-24 02:21:54.595936,COLPAL,,yahoo_finance,,0.8
2025-11-24 02:21:54.595923,COLPAL,,yahoo_finance,,0.8
2025-11-24 02:21:53.463310,COFORGE,,yahoo_finance,,0.8
2025-11-24 02:21:52.351964,COCHINSHIP,,yahoo_finance,,0.8
2025-11-24 02:21:52.351962,COCHINSHIP,,yahoo_finance,,0.8
2025-11-24 02:21:52.351948,COCHINSHIP,,yahoo_finance,,0.8
2025-11-24 02:21:51.231993,COALINDIA,,yahoo_finance,,0.8
2025-11-24 02:21:51.231992,COALINDIA,,yahoo_finance,,0.8
2025-11-24 02:21:51.231992,COALINDIA,,yahoo_finance,,0.8
2025-11-24 02:21:51.231991,COALINDIA,,yahoo_finance,,0.8
2025-11-24 02:21:51.231991,COALINDIA,,yahoo_finance,,0.8
2025-11-24 02:21:51.231990,COALINDIA,,yahoo_finance,,0.8
2025-11-24 02:21:51.231990,COALINDIA,,yahoo_finance,,0.8
2025-11-24 02:21:51.231989,COALINDIA,,yahoo_finance,,0.8
2025-11-24 02:21:51.231989,COALINDIA,,yahoo_finance,,0.8
2025-11-24 02:21:51.231982,COALINDIA,,yahoo_finance,,0.8
2025-11-24 02:21:50.087510,CIPLA,,yahoo_finance,,0.8
2025-11-24 02:21:50.087509,CIPLA,,yahoo_finance,,0.8
2025-11-24 02:21:50.087508,CIPLA,,yahoo_finance,,0.8
2025-11-24 02:21:50.087506,CIPLA,,yahoo_finance,,0.8
2025-11-24 02:21:50.087505,CIPLA,,yahoo_finance,,0.8
2025-11-24 02:21:50.087503,CIPLA,,yahoo_finance,,0.8
2025-11-24 02:21:50.087502,CIPLA,,yahoo_finance,,0.8
2025-11-24 02:21:50.087500,CIPLA,,yahoo_finance,,0.8
2025-11-24 02:21:50.087498,CIPLA,,yahoo_finance,,0.8
2025-11-24 02:21:50.087476,CIPLA,,yahoo_finance,,0.8
2025-11-24 02:21:48.921858,CHOLAHLDNG,,yahoo_finance,,0.8
2025-11-24 02:21:48.921855,CHOLAHLDNG,,yahoo_finance,,0.8
2025-11-24 02:21:48.921828,CHOLAHLDNG,,yahoo_finance,,0.8
2025-11-24 02:21:47.762733,CHOLAFIN,,yahoo_finance,,0.8
2025-11-24 02:21:47.762729,CHOLAFIN,,yahoo_finance,,0.8
2025-11-24 02:21:47.762713,CHOLAFIN,,yahoo_finance,,0.8
2025-11-24 02:21:45.532214,CHALET,,yahoo_finance,,0.8
2025-11-24 02:21:45.532212,CHALET,,yahoo_finance,,0.8
2025-11-24 02:21:45.532194,CHALET,,yahoo_finance,,0.8
2025-11-24 02:21:44.396713,CGCL,,yahoo_finance,,0.8
2025-11-24 02:21:44.396700,CGCL,,yahoo_finance,,0.8
2025-11-24 02:21:42.110003,CERA,,yahoo_finance,,0.8
2025-11-24 02:21:39.851947,CENTRALBK,,yahoo_finance,,0.8
2025-11-24 02:21:39.851945,CENTRALBK,,yahoo_finance,,0.8
2025-11-24 02:21:39.851944,CENTRALBK,,yahoo_finance,,0.8
2025-11-24 02:21:39.851926,CENTRALBK,,yahoo_finance,,0.8
2025-11-24 02:21:38.706883,CEATLTD,,yahoo_finance,,0.8
2025-11-24 02:21:38.706881,CEATLTD,,yahoo_finance,,0.8
2025-11-24 02:21:38.706879,CEATLTD,,yahoo_finance,,0.8
2025-11-24 02:21:38.706868,CEATLTD,,yahoo_finance,,0.8
2025-11-24 02:21:37.542371,CDSL,,yahoo_finance,,0.8
2025-11-24 02:21:37.542368,CDSL,,yahoo_finance,,0.8
2025-11-24 02:21:37.542336,CDSL,,yahoo_finance,,0.8
2025-11-24 02:21:36.415992,CCL,,yahoo_finance,,0.8
2025-11-24 02:21:35.071466,CASTROLIND,,yahoo_finance,,0.8
2025-11-24 02:21:35.071465,CASTROLIND,,yahoo_finance,,0.8
2025-11-24 02:21:35.071463,CASTROLIND,,yahoo_finance,,0.8
2025-11-24 02:21:35.071462,CASTROLIND,,yahoo_finance,,0.8
2025-11-24 02:21:35.071460,CASTROLIND,,yahoo_finance,,0.8
2025-11-24 02:21:35.071459,CASTROLIND,,yahoo_finance,,0.8
2025-11-24 02:21:35.071457,CASTROLIND,,yahoo_finance,,0.8
2025-11-24 02:21:35.071454,CASTROLIND,,yahoo_finance,,0.8
2025-11-24 02:21:35.071437,CASTROLIND,,yahoo_finance,,0.8
2025-11-24 02:21:33.872704,CARBORUNIV,,yahoo_finance,,0.8
2025-11-24 02:21:32.741706,CAPLIPOINT,,yahoo_finance,,0.8
2025-11-24 02:21:31.633361,CANFINHOME,,yahoo_finance,,0.8
2025-11-24 02:21:30.510292,CANBK,,yahoo_finance,,0.8
2025-11-24 02:21:30.510285,CANBK,,yahoo_finance,,0.8
2025-11-24 02:21:30.509995,CANBK,,yahoo_finance,,0.8
2025-11-24 02:21:30.509992,CANBK,,yahoo_finance,,0.8
2025-11-24 02:21:30.509989,CANBK,,yahoo_finance,,0.8
2025-11-24 02:21:30.509986,CANBK,,yahoo_finance,,0.8
2025-11-24 02:21:30.509983,CANBK,,yahoo_finance,,0.8
2025-11-24 02:21:30.509979,CANBK,,yahoo_finance,,0.8
2025-11-24 02:21:30.509963,CANBK,,yahoo_finance,,0.8
2025-11-24 02:21:28.267525,BSOFT,,yahoo_finance,,0.8
2025-11-24 02:21:28.267524,BSOFT,,yahoo_finance,,0.8
2025-11-24 02:21:28.267516,BSOFT,,yahoo_finance,,0.8
2025-11-24 02:21:27.062530,BSE,,yahoo_finance,,0.8
2025-11-24 02:21:27.062529,BSE,,yahoo_finance,,0.8
2025-11-24 02:21:27.062527,BSE,,yahoo_finance,,0.8
2025-11-24 02:21:27.062497,BSE,,yahoo_finance,,0.8
2025-11-24 02:21:25.912185,BRITANNIA,,yahoo_finance,,0.8
2025-11-24 02:21:25.912184,BRITANNIA,,yahoo_finance,,0.8
2025-11-24 02:21:25.912183,BRITANNIA,,yahoo_finance,,0.8
2025-11-24 02:21:25.912181,BRITANNIA,,yahoo_finance,,0.8
2025-11-24 02:21:25.912180,BRITANNIA,,yahoo_finance,,0.8
2025-11-24 02:21:25.912179,BRITANNIA,,yahoo_finance,,0.8
2025-11-24 02:21:25.912178,BRITANNIA,,yahoo_finance,,0.8
2025-11-24 02:21:25.912177,BRITANNIA,,yahoo_finance,,0.8
2025-11-24 02:21:25.912175,BRITANNIA,,yahoo_finance,,0.8
2025-11-24 02:21:25.912164,BRITANNIA,,yahoo_finance,,0.8
2025-11-24 02:21:24.730744,BRIGADE,,yahoo_finance,,0.8
2025-11-24 02:21:23.605005,BPCL,,yahoo_finance,,0.8
2025-11-24 02:21:23.605004,BPCL,,yahoo_finance,,0.8
2025-11-24 02:21:23.605002,BPCL,,yahoo_finance,,0.8
2025-11-24 02:21:23.605001,BPCL,,yahoo_finance,,0.8
2025-11-24 02:21:23.605000,BPCL,,yahoo_finance,,0.8
2025-11-24 02:21:23.604998,BPCL,,yahoo_finance,,0.8
2025-11-24 02:21:23.604997,BPCL,,yahoo_finance,,0.8
2025-11-24 02:21:23.604995,BPCL,,yahoo_finance,,0.8
2025-11-24 02:21:23.604993,BPCL,,yahoo_finance,,0.8
2025-11-24 02:21:23.604982,BPCL,,yahoo_finance,,0.8
2025-11-24 02:21:22.433248,BOSCHLTD,,yahoo_finance,,0.8
2025-11-24 02:21:22.433247,BOSCHLTD,,yahoo_finance,,0.8
2025-11-24 02:21:22.433239,BOSCHLTD,,yahoo_finance,,0.8
2025-11-24 02:21:20.126957,BLUEDART,,yahoo_finance,,0.8
2025-11-24 02:21:20.126933,BLUEDART,,yahoo_finance,,0.8
2025-11-24 02:21:20.126931,BLUEDART,,yahoo_finance,,0.8
2025-11-24 02:21:20.126908,BLUEDART,,yahoo_finance,,0.8
2025-11-24 02:21:17.844478,BIRLACORPN,,yahoo_finance,,0.8
2025-11-24 02:21:17.844448,BIRLACORPN,,yahoo_finance,,0.8
2025-11-24 02:21:16.722354,BIOCON,,yahoo_finance,,0.8
2025-11-24 02:21:16.722351,BIOCON,,yahoo_finance,,0.8
2025-11-24 02:21:16.722350,BIOCON,,yahoo_finance,,0.8
2025-11-24 02:21:16.722348,BIOCON,,yahoo_finance,,0.8
2025-11-24 02:21:16.722347,BIOCON,,yahoo_finance,,0.8
2025-11-24 02:21:16.722345,BIOCON,,yahoo_finance,,0.8
2025-11-24 02:21:16.722344,BIOCON,,yahoo_finance,,0.8
2025-11-24 02:21:16.722343,BIOCON,,yahoo_finance,,0.8
2025-11-24 02:21:16.722341,BIOCON,,yahoo_finance,,0.8
2025-11-24 02:21:16.722310,BIOCON,,yahoo_finance,,0.8
2025-11-24 02:21:15.523008,BHEL,,yahoo_finance,,0.8
2025-11-24 02:21:15.523005,BHEL,,yahoo_finance,,0.8
2025-11-24 02:21:15.523003,BHEL,,yahoo_finance,,0.8
2025-11-24 02:21:15.522968,BHEL,,yahoo_finance,,0.8
2025-11-24 02:21:14.357509,BHARTIARTL,,yahoo_finance,,0.8
2025-11-24 02:21:14.357508,BHARTIARTL,,yahoo_finance,,0.8
2025-11-24 02:21:14.357507,BHARTIARTL,,yahoo_finance,,0.8
2025-11-24 02:21:14.357506,BHARTIARTL,,yahoo_finance,,0.8
2025-11-24 02:21:14.357506,BHARTIARTL,,yahoo_finance,,0.8
2025-11-24 02:21:14.357505,BHARTIARTL,,yahoo_finance,,0.8
2025-11-24 02:21:14.357504,BHARTIARTL,,yahoo_finance,,0.8
2025-11-24 02:21:14.357503,BHARTIARTL,,yahoo_finance,,0.8
2025-11-24 02:21:14.357501,BHARTIARTL,,yahoo_finance,,0.8
2025-11-24 02:21:14.357486,BHARTIARTL,,yahoo_finance,,0.8
2025-11-24 02:21:12.097163,BHARATFORG,,yahoo_finance,,0.8
2025-11-24 02:21:12.097111,BHARATFORG,,yahoo_finance,,0.8
2025-11-24 02:21:10.975475,BERGEPAINT,,yahoo_finance,,0.8
2025-11-24 02:21:10.975472,BERGEPAINT,,yahoo_finance,,0.8
2025-11-24 02:21:10.975438,BERGEPAINT,,yahoo_finance,,0.8
2025-11-24 02:21:09.846509,BEML,,yahoo_finance,,0.8
2025-11-24 02:21:08.701789,BEL,,yahoo_finance,,0.8
2025-11-24 02:21:08.701787,BEL,,yahoo_finance,,0.8
2025-11-24 02:21:08.701768,BEL,,yahoo_finance,,0.8
2025-11-24 02:21:05.364734,BAYERCROP,,yahoo_finance,,0.8
2025-11-24 02:21:04.240351,BATAINDIA,,yahoo_finance,,0.8
2025-11-24 02:21:01.960438,BANKINDIA,,yahoo_finance,,0.8
2025-11-24 02:21:01.960436,BANKINDIA,,yahoo_finance,,0.8
2025-11-24 02:21:01.960435,BANKINDIA,,yahoo_finance,,0.8
2025-11-24 02:21:01.960434,BANKINDIA,,yahoo_finance,,0.8
2025-11-24 02:21:01.960432,BANKINDIA,,yahoo_finance,,0.8
2025-11-24 02:21:01.960430,BANKINDIA,,yahoo_finance,,0.8
2025-11-24 02:21:01.960429,BANKINDIA,,yahoo_finance,,0.8
2025-11-24 02:21:01.960427,BANKINDIA,,yahoo_finance,,0.8
2025-11-24 02:21:01.960425,BANKINDIA,,yahoo_finance,,0.8
2025-11-24 02:21:01.960394,BANKINDIA,,yahoo_finance,,0.8
2025-11-24 02:21:00.724051,BANKBARODA,,yahoo_finance,,0.8
2025-11-24 02:20:59.524778,BANDHANBNK,,yahoo_finance,,0.8
2025-11-24 02:20:59.524776,BANDHANBNK,,yahoo_finance,,0.8
2025-11-24 02:20:59.524737,BANDHANBNK,,yahoo_finance,,0.8
2025-11-24 02:20:58.387607,BALRAMCHIN,,yahoo_finance,,0.8
2025-11-24 02:20:56.112853,BALKRISIND,,yahoo_finance,,0.8
2025-11-24 02:20:56.112839,BALKRISIND,,yahoo_finance,,0.8
2025-11-24 02:20:54.957588,BALAMINES,,yahoo_finance,,0.8
2025-11-24 02:20:54.957564,BALAMINES,,yahoo_finance,,0.8
2025-11-24 02:20:53.797656,BAJFINANCE,,yahoo_finance,,0.8
2025-11-24 02:20:53.797655,BAJFINANCE,,yahoo_finance,,0.8
2025-11-24 02:20:53.797653,BAJFINANCE,,yahoo_finance,,0.8
2025-11-24 02:20:53.797652,BAJFINANCE,,yahoo_finance,,0.8
2025-11-24 02:20:53.797650,BAJFINANCE,,yahoo_finance,,0.8
2025-11-24 02:20:53.797648,BAJFINANCE,,yahoo_finance,,0.8
2025-11-24 02:20:53.797647,BAJFINANCE,,yahoo_finance,,0.8
2025-11-24 02:20:53.797645,BAJFINANCE,,yahoo_finance,,0.8
2025-11-24 02:20:53.797643,BAJFINANCE,,yahoo_finance,,0.8
2025-11-24 02:20:53.797612,BAJFINANCE,,yahoo_finance,,0.8
2025-11-24 02:20:51.505475,BAJAJFINSV,,yahoo_finance,,0.8
2025-11-24 02:20:51.505464,BAJAJFINSV,,yahoo_finance,,0.8
2025-11-24 02:20:51.505462,BAJAJFINSV,,yahoo_finance,,0.8
2025-11-24 02:20:51.505461,BAJAJFINSV,,yahoo_finance,,0.8
2025-11-24 02:20:51.505459,BAJAJFINSV,,yahoo_finance,,0.8
2025-11-24 02:20:51.505458,BAJAJFINSV,,yahoo_finance,,0.8
2025-11-24 02:20:51.505457,BAJAJFINSV,,yahoo_finance,,0.8
2025-11-24 02:20:51.505455,BAJAJFINSV,,yahoo_finance,,0.8
2025-11-24 02:20:51.505431,BAJAJFINSV,,yahoo_finance,,0.8
2025-11-24 02:20:50.331338,BAJAJELEC,,yahoo_finance,,0.8
2025-11-24 02:20:49.193953,BAJAJCON,,yahoo_finance,,0.8
2025-11-24 02:20:49.193952,BAJAJCON,,yahoo_finance,,0.8
2025-11-24 02:20:49.193932,BAJAJCON,,yahoo_finance,,0.8
2025-11-24 02:20:47.991823,BAJAJ-AUTO,,yahoo_finance,,0.8
2025-11-24 02:20:47.991822,BAJAJ-AUTO,,yahoo_finance,,0.8
2025-11-24 02:20:47.991821,BAJAJ-AUTO,,yahoo_finance,,0.8
2025-11-24 02:20:47.991820,BAJAJ-AUTO,,yahoo_finance,,0.8
2025-11-24 02:20:47.991819,BAJAJ-AUTO,,yahoo_finance,,0.8
2025-11-24 02:20:47.991818,BAJAJ-AUTO,,yahoo_finance,,0.8
2025-11-24 02:20:47.991816,BAJAJ-AUTO,,yahoo_finance,,0.8
2025-11-24 02:20:47.991815,BAJAJ-AUTO,,yahoo_finance,,0.8
2025-11-24 02:20:47.991813,BAJAJ-AUTO,,yahoo_finance,,0.8
2025-11-24 02:20:47.991795,BAJAJ-AUTO,,yahoo_finance,,0.8
2025-11-24 02:20:46.857795,AXISBANK,,yahoo_finance,,0.8
2025-11-24 02:20:46.857794,AXISBANK,,yahoo_finance,,0.8
2025-11-24 02:20:46.857793,AXISBANK,,yahoo_finance,,0.8
2025-11-24 02:20:46.857791,AXISBANK,,yahoo_finance,,0.8
2025-11-24 02:20:46.857790,AXISBANK,,yahoo_finance,,0.8
2025-11-24 02:20:46.857789,AXISBANK,,yahoo_finance,,0.8
2025-11-24 02:20:46.857787,AXISBANK,,yahoo_finance,,0.8
2025-11-24 02:20:46.857786,AXISBANK,,yahoo_finance,,0.8
2025-11-24 02:20:46.857784,AXISBANK,,yahoo_finance,,0.8
2025-11-24 02:20:46.857773,AXISBANK,,yahoo_finance,,0.8
2025-11-24 02:20:45.726928,AVANTIFEED,,yahoo_finance,,0.8
2025-11-24 02:20:44.579612,AUROPHARMA,,yahoo_finance,,0.8
2025-11-24 02:20:44.579610,AUROPHARMA,,yahoo_finance,,0.8
2025-11-24 02:20:44.579609,AUROPHARMA,,yahoo_finance,,0.8
2025-11-24 02:20:44.579607,AUROPHARMA,,yahoo_finance,,0.8
2025-11-24 02:20:44.579605,AUROPHARMA,,yahoo_finance,,0.8
2025-11-24 02:20:44.579603,AUROPHARMA,,yahoo_finance,,0.8
2025-11-24 02:20:44.579601,AUROPHARMA,,yahoo_finance,,0.8
2025-11-24 02:20:44.579566,AUROPHARMA,,yahoo_finance,,0.8
2025-11-24 02:20:43.418180,AUBANK,,yahoo_finance,,0.8
2025-11-24 02:20:43.418179,AUBANK,,yahoo_finance,,0.8
2025-11-24 02:20:43.418178,AUBANK,,yahoo_finance,,0.8
2025-11-24 02:20:43.418176,AUBANK,,yahoo_finance,,0.8
2025-11-24 02:20:43.418175,AUBANK,,yahoo_finance,,0.8
2025-11-24 02:20:43.418174,AUBANK,,yahoo_finance,,0.8
2025-11-24 02:20:43.418172,AUBANK,,yahoo_finance,,0.8
2025-11-24 02:20:43.418158,AUBANK,,yahoo_finance,,0.8
2025-11-24 02:20:41.090912,ATGL,,yahoo_finance,,0.8
2025-11-24 02:20:41.090909,ATGL,,yahoo_finance,,0.8
2025-11-24 02:20:41.090905,ATGL,,yahoo_finance,,0.8
2025-11-24 02:20:41.090884,ATGL,,yahoo_finance,,0.8
2025-11-24 02:20:38.841241,ASTRAL,,yahoo_finance,,0.8
2025-11-24 02:20:37.689061,ASTERDM,,yahoo_finance,,0.8
2025-11-24 02:20:37.689058,ASTERDM,,yahoo_finance,,0.8
2025-11-24 02:20:37.689055,ASTERDM,,yahoo_finance,,0.8
2025-11-24 02:20:37.689052,ASTERDM,,yahoo_finance,,0.8
2025-11-24 02:20:37.689049,ASTERDM,,yahoo_finance,,0.8
2025-11-24 02:20:37.689046,ASTERDM,,yahoo_finance,,0.8
2025-11-24 02:20:37.689043,ASTERDM,,yahoo_finance,,0.8
2025-11-24 02:20:37.689023,ASTERDM,,yahoo_finance,,0.8
2025-11-24 02:20:36.504458,ASIANPAINT,,yahoo_finance,,0.8
2025-11-24 02:20:36.504456,ASIANPAINT,,yahoo_finance,,0.8
2025-11-24 02:20:36.504454,ASIANPAINT,,yahoo_finance,,0.8
2025-11-24 02:20:36.504453,ASIANPAINT,,yahoo_finance,,0.8
2025-11-24 02:20:36.504451,ASIANPAINT,,yahoo_finance,,0.8
2025-11-24 02:20:36.504449,ASIANPAINT,,yahoo_finance,,0.8
2025-11-24 02:20:36.504448,ASIANPAINT,,yahoo_finance,,0.8
2025-11-24 02:20:36.504446,ASIANPAINT,,yahoo_finance,,0.8
2025-11-24 02:20:36.504444,ASIANPAINT,,yahoo_finance,,0.8
2025-11-24 02:20:36.504432,ASIANPAINT,,yahoo_finance,,0.8
2025-11-24 02:20:35.374781,ASHOKLEY,,yahoo_finance,,0.8
2025-11-24 02:20:35.374780,ASHOKLEY,,yahoo_finance,,0.8
2025-11-24 02:20:35.374779,ASHOKLEY,,yahoo_finance,,0.8
2025-11-24 02:20:35.374778,ASHOKLEY,,yahoo_finance,,0.8
2025-11-24 02:20:35.374777,ASHOKLEY,,yahoo_finance,,0.8
2025-11-24 02:20:35.374776,ASHOKLEY,,yahoo_finance,,0.8
2025-11-24 02:20:35.374774,ASHOKLEY,,yahoo_finance,,0.8
2025-11-24 02:20:35.374761,ASHOKLEY,,yahoo_finance,,0.8
2025-11-24 02:20:34.224837,ASHOKA,,yahoo_finance,,0.8
2025-11-24 02:20:31.926348,APOLLOTYRE,,yahoo_finance,,0.8
2025-11-24 02:20:31.926347,APOLLOTYRE,,yahoo_finance,,0.8
2025-11-24 02:20:31.926345,APOLLOTYRE,,yahoo_finance,,0.8
2025-11-24 02:20:31.926344,APOLLOTYRE,,yahoo_finance,,0.8
2025-11-24 02:20:31.926342,APOLLOTYRE,,yahoo_finance,,0.8
2025-11-24 02:20:31.926340,APOLLOTYRE,,yahoo_finance,,0.8
2025-11-24 02:20:31.926329,APOLLOTYRE,,yahoo_finance,,0.8
2025-11-24 02:20:30.688231,APOLLOHOSP,,yahoo_finance,,0.8
2025-11-24 02:20:30.688230,APOLLOHOSP,,yahoo_finance,,0.8
2025-11-24 02:20:30.688229,APOLLOHOSP,,yahoo_finance,,0.8
2025-11-24 02:20:30.688229,APOLLOHOSP,,yahoo_finance,,0.8
2025-11-24 02:20:30.688228,APOLLOHOSP,,yahoo_finance,,0.8
2025-11-24 02:20:30.688227,APOLLOHOSP,,yahoo_finance,,0.8
2025-11-24 02:20:30.688226,APOLLOHOSP,,yahoo_finance,,0.8
2025-11-24 02:20:30.688225,APOLLOHOSP,,yahoo_finance,,0.8
2025-11-24 02:20:30.688224,APOLLOHOSP,,yahoo_finance,,0.8
2025-11-24 02:20:30.688209,APOLLOHOSP,,yahoo_finance,,0.8
2025-11-24 02:20:29.512558,APLLTD,,yahoo_finance,,0.8
2025-11-24 02:20:29.512547,APLLTD,,yahoo_finance,,0.8
2025-11-24 02:20:27.276130,AMBUJACEM,,yahoo_finance,,0.8
2025-11-24 02:20:27.276129,AMBUJACEM,,yahoo_finance,,0.8
2025-11-24 02:20:27.276128,AMBUJACEM,,yahoo_finance,,0.8
2025-11-24 02:20:27.276128,AMBUJACEM,,yahoo_finance,,0.8
2025-11-24 02:20:27.276127,AMBUJACEM,,yahoo_finance,,0.8
2025-11-24 02:20:27.276126,AMBUJACEM,,yahoo_finance,,0.8
2025-11-24 02:20:27.276119,AMBUJACEM,,yahoo_finance,,0.8
2025-11-24 02:20:26.144784,AMBER,,yahoo_finance,,0.8
2025-11-24 02:20:26.144773,AMBER,,yahoo_finance,,0.8
2025-11-24 02:20:23.872493,ALKYLAMINE,,yahoo_finance,,0.8
2025-11-24 02:20:22.701077,ALKEM,,yahoo_finance,,0.8
2025-11-24 02:20:22.701075,ALKEM,,yahoo_finance,,0.8
2025-11-24 02:20:22.701074,ALKEM,,yahoo_finance,,0.8
2025-11-24 02:20:22.701072,ALKEM,,yahoo_finance,,0.8
2025-11-24 02:20:22.701057,ALKEM,,yahoo_finance,,0.8
2025-11-24 02:20:20.241636,AKZOINDIA,,yahoo_finance,,0.8
2025-11-24 02:20:20.241635,AKZOINDIA,,yahoo_finance,,0.8
2025-11-24 02:20:20.241630,AKZOINDIA,,yahoo_finance,,0.8
2025-11-24 02:20:19.088718,AJANTPHARM,,yahoo_finance,,0.8
2025-11-24 02:20:19.088716,AJANTPHARM,,yahoo_finance,,0.8
2025-11-24 02:20:19.088701,AJANTPHARM,,yahoo_finance,,0.8
2025-11-24 02:20:17.913948,AIAENG,,yahoo_finance,,0.8
2025-11-24 02:20:17.913931,AIAENG,,yahoo_finance,,0.8
2025-11-24 02:20:16.764113,AFFLE,,yahoo_finance,,0.8
2025-11-24 02:20:15.626452,ADVENZYMES,,yahoo_finance,,0.8
2025-11-24 02:20:14.508862,ADANIPORTS,,yahoo_finance,,0.8
2025-11-24 02:20:14.508860,ADANIPORTS,,yahoo_finance,,0.8
2025-11-24 02:20:14.508859,ADANIPORTS,,yahoo_finance,,0.8
2025-11-24 02:20:14.508858,ADANIPORTS,,yahoo_finance,,0.8
2025-11-24 02:20:14.508856,ADANIPORTS,,yahoo_finance,,0.8
2025-11-24 02:20:14.508855,ADANIPORTS,,yahoo_finance,,0.8
2025-11-24 02:20:14.508853,ADANIPORTS,,yahoo_finance,,0.8
2025-11-24 02:20:14.508852,ADANIPORTS,,yahoo_finance,,0.8
2025-11-24 02:20:14.508850,ADANIPORTS,,yahoo_finance,,0.8
2025-11-24 02:20:14.508840,ADANIPORTS,,yahoo_finance,,0.8
2025-11-24 02:20:13.289779,ADANIGREEN,,yahoo_finance,,0.8
2025-11-24 02:20:13.289773,ADANIGREEN,,yahoo_finance,,0.8
2025-11-24 02:20:13.289773,ADANIGREEN,,yahoo_finance,,0.8
2025-11-24 02:20:13.289772,ADANIGREEN,,yahoo_finance,,0.8
2025-11-24 02:20:13.289772,ADANIGREEN,,yahoo_finance,,0.8
2025-11-24 02:20:13.289771,ADANIGREEN,,yahoo_finance,,0.8
2025-11-24 02:20:13.289771,ADANIGREEN,,yahoo_finance,,0.8
2025-11-24 02:20:13.289770,ADANIGREEN,,yahoo_finance,,0.8
2025-11-24 02:20:13.289769,ADANIGREEN,,yahoo_finance,,0.8
2025-11-24 02:20:13.289764,ADANIGREEN,,yahoo_finance,,0.8
2025-11-24 02:20:12.089998,ADANIENT,,yahoo_finance,,0.8
2025-11-24 02:20:12.089996,ADANIENT,,yahoo_finance,,0.8
2025-11-24 02:20:12.089995,ADANIENT,,yahoo_finance,,0.8
2025-11-24 02:20:12.089994,ADANIENT,,yahoo_finance,,0.8
2025-11-24 02:20:12.089993,ADANIENT,,yahoo_finance,,0.8
2025-11-24 02:20:12.089991,ADANIENT,,yahoo_finance,,0.8
2025-11-24 02:20:12.089990,ADANIENT,,yahoo_finance,,0.8
2025-11-24 02:20:12.089988,ADANIENT,,yahoo_finance,,0.8
2025-11-24 02:20:12.089986,ADANIENT,,yahoo_finance,,0.8
2025-11-24 02:20:12.089973,ADANIENT,,yahoo_finance,,0.8
2025-11-24 02:20:09.838320,ACC,,yahoo_finance,,0.8
2025-11-24 02:20:09.838312,ACC,,yahoo_finance,,0.8
2025-11-24 02:20:08.660264,ABFRL,,yahoo_finance,,0.8
2025-11-24 02:20:08.660263,ABFRL,,yahoo_finance,,0.8
2025-11-24 02:20:08.660262,ABFRL,,yahoo_finance,,0.8
2025-11-24 02:20:08.660260,ABFRL,,yahoo_finance,,0.8
2025-11-24 02:20:08.660259,ABFRL,,yahoo_finance,,0.8
2025-11-24 02:20:08.660257,ABFRL,,yahoo_finance,,0.8
2025-11-24 02:20:08.660255,ABFRL,,yahoo_finance,,0.8
2025-11-24 02:20:08.660241,ABFRL,,yahoo_finance,,0.8
2025-11-24 02:20:07.535046,ABCAPITAL,,yahoo_finance,,0.8
2025-11-24 02:20:07.535044,ABCAPITAL,,yahoo_finance,,0.8
2025-11-24 02:20:07.535042,ABCAPITAL,,yahoo_finance,,0.8
2025-11-24 02:20:07.535039,ABCAPITAL,,yahoo_finance,,0.8
2025-11-24 02:20:07.535012,ABCAPITAL,,yahoo_finance,,0.8
2025-11-24 02:20:05.268166,ABB,,yahoo_finance,,0.8
2025-11-24 02:20:05.268164,ABB,,yahoo_finance,,0.8
2025-11-24 02:20:05.268162,ABB,,yahoo_finance,,0.8
2025-11-24 02:20:05.268161,ABB,,yahoo_finance,,0.8
2025-11-24 02:20:05.268159,ABB,,yahoo_finance,,0.8
2025-11-24 02:20:05.268157,ABB,,yahoo_finance,,0.8
2025-11-24 02:20:05.268155,ABB,,yahoo_finance,,0.8
2025-11-24 02:20:05.268135,ABB,,yahoo_finance,,0.8
2025-11-24 02:20:04.110501,AAVAS,,yahoo_finance,,0.8
2025-11-24 02:20:04.110487,AAVAS,,yahoo_finance,,0.8
2025-11-24 02:20:02.946209,AARTIIND,,yahoo_finance,,0.8
2025-11-24 02:20:01.800892,AARTIDRUGS,,yahoo_finance,,0.8
2025-11-24 02:20:00.681049,3MINDIA,,yahoo_finance,,0.8
