ticker,ticker_nse,ticker_yf,sector
3MINDIA,3MINDIA,3MINDIA.NS,Industrials
AARTIDRUGS,AARTIDRUGS,AARTIDRUGS.NS,Healthcare
AARTIIND,AARTIIND,AARTIIND.NS,Basic Materials
AAVAS,AAVAS,AAVAS.NS,Financial Services
ABB,ABB,ABB.NS,Industrials
ABBOTINDIA,ABBOTINDIA,ABBOTINDIA.NS,Healthcare
ABCAPITAL,ABCAPITAL,ABCAPITAL.NS,Financial Services
ABFRL,ABFRL,ABFRL.NS,Consumer Cyclical
ACC,ACC,ACC.NS,Basic Materials
ADANIENSOL,ADANIENSOL,ADANIENSOL.NS,Utilities
ADANIENT,ADANIENT,ADANIENT.NS,Energy
ADANIGREEN,ADANIGREEN,ADANIGREEN.NS,Utilities
ADANIPORTS,ADANIPORTS,ADANIPORTS.NS,Industrials
ADVENZYMES,ADVENZYMES,ADVENZYMES.NS,Basic Materials
AFFLE,AFFLE,AFFLE.NS,Communication Services
AIAENG,AIAENG,AIAENG.NS,Industrials
AJANTPHARM,AJANTPHARM,AJANTPHARM.NS,Healthcare
AKZOINDIA,AKZOINDIA,AKZOINDIA.NS,Basic Materials
ALEMBICLTD,ALEMBICLTD,ALEMBICLTD.NS,Real Estate
ALKEM,ALKEM,ALKEM.NS,Healthcare
ALKYLAMINE,ALKYLAMINE,ALKYLAMINE.NS,Basic Materials
ALOKINDS,ALOKINDS,ALOKINDS.NS,Consumer Cyclical
AMBER,AMBER,AMBER.NS,Consumer Cyclical
AMBUJACEM,AMBUJACEM,AMBUJACEM.NS,Basic Materials
APLAPOLLO,APLAPOLLO,APLAPOLLO.NS,Basic Materials
APLLTD,APLLTD,APLLTD.NS,Healthcare
APOLLOHOSP,APOLLOHOSP,APOLLOHOSP.NS,Healthcare
APOLLOTYRE,APOLLOTYRE,APOLLOTYRE.NS,Consumer Cyclical
ASAHIINDIA,ASAHIINDIA,ASAHIINDIA.NS,Consumer Cyclical
ASHOKA,ASHOKA,ASHOKA.NS,Industrials
ASHOKLEY,ASHOKLEY,ASHOKLEY.NS,Industrials
ASIANPAINT,ASIANPAINT,ASIANPAINT.NS,Basic Materials
ASTERDM,ASTERDM,ASTERDM.NS,Healthcare
ASTRAL,ASTRAL,ASTRAL.NS,Industrials
ASTRAZEN,ASTRAZEN,ASTRAZEN.NS,Healthcare
ATGL,ATGL,ATGL.NS,Utilities
ATUL,ATUL,ATUL.NS,Basic Materials
AUBANK,AUBANK,AUBANK.NS,Financial Services
AUROPHARMA,AUROPHARMA,AUROPHARMA.NS,Healthcare
AVANTIFEED,AVANTIFEED,AVANTIFEED.NS,Consumer Defensive
AXISBANK,AXISBANK,AXISBANK.NS,Financial Services
BAJAJ-AUTO,BAJAJ-AUTO,BAJAJ-AUTO.NS,Consumer Cyclical
BAJAJCON,BAJAJCON,BAJAJCON.NS,Consumer Defensive
BAJAJELEC,BAJAJELEC,BAJAJELEC.NS,Consumer Cyclical
BAJAJFINSV,BAJAJFINSV,BAJAJFINSV.NS,Financial Services
BAJAJHLDNG,BAJAJHLDNG,BAJAJHLDNG.NS,Financial Services
BAJFINANCE,BAJFINANCE,BAJFINANCE.NS,Financial Services
BALAMINES,BALAMINES,BALAMINES.NS,Basic Materials
BALKRISIND,BALKRISIND,BALKRISIND.NS,Consumer Cyclical
BALMLAWRIE,BALMLAWRIE,BALMLAWRIE.NS,Industrials
BALRAMCHIN,BALRAMCHIN,BALRAMCHIN.NS,Consumer Defensive
BANDHANBNK,BANDHANBNK,BANDHANBNK.NS,Financial Services
BANKBARODA,BANKBARODA,BANKBARODA.NS,Financial Services
BANKINDIA,BANKINDIA,BANKINDIA.NS,Financial Services
BASF,BASF,BASF.NS,Basic Materials
BATAINDIA,BATAINDIA,BATAINDIA.NS,Consumer Cyclical
BAYERCROP,BAYERCROP,BAYERCROP.NS,Basic Materials
BBTC,BBTC,BBTC.NS,Consumer Defensive
BDL,BDL,BDL.NS,Industrials
BEL,BEL,BEL.NS,Industrials
BEML,BEML,BEML.NS,Industrials
BERGEPAINT,BERGEPAINT,BERGEPAINT.NS,Basic Materials
BHARATFORG,BHARATFORG,BHARATFORG.NS,Consumer Cyclical
BHARATRAS,BHARATRAS,BHARATRAS.NS,Basic Materials
BHARTIARTL,BHARTIARTL,BHARTIARTL.NS,Communication Services
BHEL,BHEL,BHEL.NS,Industrials
BIOCON,BIOCON,BIOCON.NS,Healthcare
BIRLACORPN,BIRLACORPN,BIRLACORPN.NS,Basic Materials
BLISSGVS,BLISSGVS,BLISSGVS.NS,Healthcare
BLUEDART,BLUEDART,BLUEDART.NS,Industrials
BLUESTARCO,BLUESTARCO,BLUESTARCO.NS,Industrials
BOSCHLTD,BOSCHLTD,BOSCHLTD.NS,Consumer Cyclical
BPCL,BPCL,BPCL.NS,Energy
BRIGADE,BRIGADE,BRIGADE.NS,Real Estate
BRITANNIA,BRITANNIA,BRITANNIA.NS,Consumer Defensive
BSE,BSE,BSE.NS,Financial Services
BSOFT,BSOFT,BSOFT.NS,Technology
CAMS,CAMS,CAMS.NS,Technology
CANBK,CANBK,CANBK.NS,Financial Services
CANFINHOME,CANFINHOME,CANFINHOME.NS,Financial Services
CAPLIPOINT,CAPLIPOINT,CAPLIPOINT.NS,Healthcare
CARBORUNIV,CARBORUNIV,CARBORUNIV.NS,Industrials
CASTROLIND,CASTROLIND,CASTROLIND.NS,Energy
CCL,CCL,CCL.NS,Consumer Defensive
CDSL,CDSL,CDSL.NS,Financial Services
CEATLTD,CEATLTD,CEATLTD.NS,Consumer Cyclical
CENTRALBK,CENTRALBK,CENTRALBK.NS,Financial Services
CENTURYPLY,CENTURYPLY,CENTURYPLY.NS,Basic Materials
CERA,CERA,CERA.NS,Industrials
CESC,CESC,CESC.NS,Utilities
CGCL,CGCL,CGCL.NS,Financial Services
CHALET,CHALET,CHALET.NS,Consumer Cyclical
CHAMBLFERT,CHAMBLFERT,CHAMBLFERT.NS,Basic Materials
CHOLAFIN,CHOLAFIN,CHOLAFIN.NS,Financial Services
CHOLAHLDNG,CHOLAHLDNG,CHOLAHLDNG.NS,Financial Services
CIPLA,CIPLA,CIPLA.NS,Healthcare
COALINDIA,COALINDIA,COALINDIA.NS,Energy
COCHINSHIP,COCHINSHIP,COCHINSHIP.NS,Industrials
COFORGE,COFORGE,COFORGE.NS,Technology
COLPAL,COLPAL,COLPAL.NS,Consumer Defensive
CONCOR,CONCOR,CONCOR.NS,Industrials
COROMANDEL,COROMANDEL,COROMANDEL.NS,Basic Materials
CREDITACC,CREDITACC,CREDITACC.NS,Financial Services
CRISIL,CRISIL,CRISIL.NS,Financial Services
CROMPTON,CROMPTON,CROMPTON.NS,Consumer Cyclical
CSBBANK,CSBBANK,CSBBANK.NS,Financial Services
CUB,CUB,CUB.NS,Financial Services
CUMMINSIND,CUMMINSIND,CUMMINSIND.NS,Industrials
CYIENT,CYIENT,CYIENT.NS,Industrials
DABUR,DABUR,DABUR.NS,Consumer Defensive
DALBHARAT,DALBHARAT,DALBHARAT.NS,Basic Materials
DBL,DBL,DBL.NS,Industrials
DCAL,DCAL,DCAL.NS,Healthcare
DCBBANK,DCBBANK,DCBBANK.NS,Financial Services
DCMSHRIRAM,DCMSHRIRAM,DCMSHRIRAM.NS,Industrials
DEEPAKNTR,DEEPAKNTR,DEEPAKNTR.NS,Basic Materials
DELTACORP,DELTACORP,DELTACORP.NS,Consumer Cyclical
DHANI,DHANI,DHANI.NS,
DHANUKA,DHANUKA,DHANUKA.NS,Basic Materials
DISHTV,DISHTV,DISHTV.NS,Communication Services
DIVISLAB,DIVISLAB,DIVISLAB.NS,Healthcare
DIXON,DIXON,DIXON.NS,Technology
DLF,DLF,DLF.NS,Real Estate
DMART,DMART,DMART.NS,Consumer Defensive
DRREDDY,DRREDDY,DRREDDY.NS,Healthcare
ECLERX,ECLERX,ECLERX.NS,Technology
EDELWEISS,EDELWEISS,EDELWEISS.NS,Financial Services
EICHERMOT,EICHERMOT,EICHERMOT.NS,Consumer Cyclical
EIDPARRY,EIDPARRY,EIDPARRY.NS,Basic Materials
EIHOTEL,EIHOTEL,EIHOTEL.NS,Consumer Cyclical
ELGIEQUIP,ELGIEQUIP,ELGIEQUIP.NS,Industrials
EMAMILTD,EMAMILTD,EMAMILTD.NS,Consumer Defensive
ENDURANCE,ENDURANCE,ENDURANCE.NS,Consumer Cyclical
ENGINERSIN,ENGINERSIN,ENGINERSIN.NS,Industrials
EPL,EPL,EPL.NS,Consumer Cyclical
ERIS,ERIS,ERIS.NS,Healthcare
ESCORTS,ESCORTS,ESCORTS.NS,Industrials
EXIDEIND,EXIDEIND,EXIDEIND.NS,Consumer Cyclical
FCONSUMER,FCONSUMER,FCONSUMER.NS,Consumer Defensive
FDC,FDC,FDC.NS,Healthcare
FEDERALBNK,FEDERALBNK,FEDERALBNK.NS,Financial Services
FINCABLES,FINCABLES,FINCABLES.NS,Industrials
FINEORG,FINEORG,FINEORG.NS,Basic Materials
FINPIPE,FINPIPE,FINPIPE.NS,Industrials
FLUOROCHEM,FLUOROCHEM,FLUOROCHEM.NS,Basic Materials
FORTIS,FORTIS,FORTIS.NS,Healthcare
FSL,FSL,FSL.NS,Technology
GAEL,GAEL,GAEL.NS,Consumer Defensive
GAIL,GAIL,GAIL.NS,Utilities
GALAXYSURF,GALAXYSURF,GALAXYSURF.NS,Basic Materials
GARFIBRES,GARFIBRES,GARFIBRES.NS,Consumer Cyclical
GESHIP,GESHIP,GESHIP.NS,Industrials
GICRE,GICRE,GICRE.NS,Financial Services
GILLETTE,GILLETTE,GILLETTE.NS,Consumer Defensive
GLAND,GLAND,GLAND.NS,Healthcare
GLAXO,GLAXO,GLAXO.NS,Healthcare
GLENMARK,GLENMARK,GLENMARK.NS,Healthcare
GMMPFAUDLR,GMMPFAUDLR,GMMPFAUDLR.NS,Industrials
GNFC,GNFC,GNFC.NS,Basic Materials
GODFRYPHLP,GODFRYPHLP,GODFRYPHLP.NS,Consumer Defensive
GODREJAGRO,GODREJAGRO,GODREJAGRO.NS,Consumer Defensive
GODREJCP,GODREJCP,GODREJCP.NS,Consumer Defensive
GODREJIND,GODREJIND,GODREJIND.NS,Industrials
GODREJPROP,GODREJPROP,GODREJPROP.NS,Real Estate
GPPL,GPPL,GPPL.NS,Industrials
GRANULES,GRANULES,GRANULES.NS,Healthcare
GRAPHITE,GRAPHITE,GRAPHITE.NS,Industrials
GRASIM,GRASIM,GRASIM.NS,Basic Materials
GREAVESCOT,GREAVESCOT,GREAVESCOT.NS,Industrials
GRINDWELL,GRINDWELL,GRINDWELL.NS,Industrials
GRSE,GRSE,GRSE.NS,Industrials
GSFC,GSFC,GSFC.NS,Basic Materials
GSPL,GSPL,GSPL.NS,Utilities
GUJALKALI,GUJALKALI,GUJALKALI.NS,Basic Materials
GUJGASLTD,GUJGASLTD,GUJGASLTD.NS,Utilities
GULFOILLUB,GULFOILLUB,GULFOILLUB.NS,Basic Materials
HAL,HAL,HAL.NS,Industrials
HAPPSTMNDS,HAPPSTMNDS,HAPPSTMNDS.NS,Technology
HATSUN,HATSUN,HATSUN.NS,Consumer Defensive
HAVELLS,HAVELLS,HAVELLS.NS,Industrials
HCLTECH,HCLTECH,HCLTECH.NS,Technology
HDFCAMC,HDFCAMC,HDFCAMC.NS,Financial Services
HDFCBANK,HDFCBANK,HDFCBANK.NS,Financial Services
HDFCLIFE,HDFCLIFE,HDFCLIFE.NS,Financial Services
HEG,HEG,HEG.NS,Industrials
HEIDELBERG,HEIDELBERG,HEIDELBERG.NS,Basic Materials
HEMIPROP,HEMIPROP,HEMIPROP.NS,Real Estate
HEROMOTOCO,HEROMOTOCO,HEROMOTOCO.NS,Consumer Cyclical
HFCL,HFCL,HFCL.NS,Technology
HINDALCO,HINDALCO,HINDALCO.NS,Basic Materials
HINDCOPPER,HINDCOPPER,HINDCOPPER.NS,Basic Materials
HINDPETRO,HINDPETRO,HINDPETRO.NS,Energy
HINDUNILVR,HINDUNILVR,HINDUNILVR.NS,Consumer Defensive
HINDZINC,HINDZINC,HINDZINC.NS,Basic Materials
HONAUT,HONAUT,HONAUT.NS,Industrials
HSCL,HSCL,HSCL.NS,Basic Materials
HUDCO,HUDCO,HUDCO.NS,Financial Services
HUHTAMAKI,HUHTAMAKI,HUHTAMAKI.NS,Consumer Cyclical
IBREALEST,IBREALEST,IBREALEST.NS,Unknown
ICICIBANK,ICICIBANK,ICICIBANK.NS,Financial Services
ICICIGI,ICICIGI,ICICIGI.NS,Financial Services
ICICIPRULI,ICICIPRULI,ICICIPRULI.NS,Financial Services
ICIL,ICIL,ICIL.NS,Consumer Cyclical
IDBI,IDBI,IDBI.NS,Financial Services
IDEA,IDEA,IDEA.NS,Communication Services
IDFCFIRSTB,IDFCFIRSTB,IDFCFIRSTB.NS,Financial Services
IEX,IEX,IEX.NS,Financial Services
IFBIND,IFBIND,IFBIND.NS,Consumer Cyclical
IGL,IGL,IGL.NS,Utilities
IIFL,IIFL,IIFL.NS,Financial Services
INDHOTEL,INDHOTEL,INDHOTEL.NS,Consumer Cyclical
INDIACEM,INDIACEM,INDIACEM.NS,Basic Materials
INDIAMART,INDIAMART,INDIAMART.NS,Communication Services
INDIANB,INDIANB,INDIANB.NS,Financial Services
INDIGO,INDIGO,INDIGO.NS,Industrials
INDOCO,INDOCO,INDOCO.NS,Healthcare
INDUSINDBK,INDUSINDBK,INDUSINDBK.NS,Financial Services
INDUSTOWER,INDUSTOWER,INDUSTOWER.NS,Communication Services
INFIBEAM,INFIBEAM,INFIBEAM.NS,Technology
INFY,INFY,INFY.NS,Technology
INGERRAND,INGERRAND,INGERRAND.NS,Industrials
INTELLECT,INTELLECT,INTELLECT.NS,Technology
IOB,IOB,IOB.NS,Financial Services
IOC,IOC,IOC.NS,Energy
IOLCP,IOLCP,IOLCP.NS,Healthcare
IPCALAB,IPCALAB,IPCALAB.NS,Healthcare
IRB,IRB,IRB.NS,Industrials
IRCON,IRCON,IRCON.NS,Industrials
IRCTC,IRCTC,IRCTC.NS,Industrials
ITC,ITC,ITC.NS,Consumer Defensive
ITI,ITI,ITI.NS,Technology
JAMNAAUTO,JAMNAAUTO,JAMNAAUTO.NS,Consumer Cyclical
JBCHEPHARM,JBCHEPHARM,JBCHEPHARM.NS,Healthcare
JCHAC,JCHAC,JCHAC.NS,Consumer Cyclical
JINDALSAW,JINDALSAW,JINDALSAW.NS,Basic Materials
JINDALSTEL,JINDALSTEL,JINDALSTEL.NS,Basic Materials
JKCEMENT,JKCEMENT,JKCEMENT.NS,Basic Materials
JKLAKSHMI,JKLAKSHMI,JKLAKSHMI.NS,Basic Materials
JKPAPER,JKPAPER,JKPAPER.NS,Basic Materials
JKTYRE,JKTYRE,JKTYRE.NS,Consumer Cyclical
JMFINANCIL,JMFINANCIL,JMFINANCIL.NS,Financial Services
JSL,JSL,JSL.NS,Basic Materials
JSWENERGY,JSWENERGY,JSWENERGY.NS,Utilities
JSWSTEEL,JSWSTEEL,JSWSTEEL.NS,Basic Materials
JTEKTINDIA,JTEKTINDIA,JTEKTINDIA.NS,Consumer Cyclical
JUBLFOOD,JUBLFOOD,JUBLFOOD.NS,Consumer Cyclical
JUSTDIAL,JUSTDIAL,JUSTDIAL.NS,Communication Services
JYOTHYLAB,JYOTHYLAB,JYOTHYLAB.NS,Consumer Defensive
KAJARIACER,KAJARIACER,KAJARIACER.NS,Industrials
KANSAINER,KANSAINER,KANSAINER.NS,Basic Materials
KARURVYSYA,KARURVYSYA,KARURVYSYA.NS,Financial Services
KEC,KEC,KEC.NS,Industrials
KEI,KEI,KEI.NS,Industrials
KNRCON,KNRCON,KNRCON.NS,Industrials
KOTAKBANK,KOTAKBANK,KOTAKBANK.NS,Financial Services
KPITTECH,KPITTECH,KPITTECH.NS,Technology
KPRMILL,KPRMILL,KPRMILL.NS,Consumer Cyclical
KRBL,KRBL,KRBL.NS,Consumer Defensive
KSB,KSB,KSB.NS,Industrials
KSCL,KSCL,KSCL.NS,Basic Materials
LALPATHLAB,LALPATHLAB,LALPATHLAB.NS,Healthcare
LAOPALA,LAOPALA,LAOPALA.NS,Consumer Cyclical
LAURUSLABS,LAURUSLABS,LAURUSLABS.NS,Healthcare
LEMONTREE,LEMONTREE,LEMONTREE.NS,Consumer Cyclical
LICHSGFIN,LICHSGFIN,LICHSGFIN.NS,Financial Services
LICI,LICI,LICI.NS,Financial Services
LINDEINDIA,LINDEINDIA,LINDEINDIA.NS,Basic Materials
LT,LT,LT.NS,Industrials
LTIM,LTIM,LTIM.NS,Technology
LTTS,LTTS,LTTS.NS,Technology
LUPIN,LUPIN,LUPIN.NS,Healthcare
LUXIND,LUXIND,LUXIND.NS,Consumer Cyclical
M&M,M&M,M&M.NS,Consumer Cyclical
M&MFIN,M&MFIN,M&MFIN.NS,Financial Services
MAHABANK,MAHABANK,MAHABANK.NS,Financial Services
MAHLOG,MAHLOG,MAHLOG.NS,Industrials
MAHSCOOTER,MAHSCOOTER,MAHSCOOTER.NS,Financial Services
MAHSEAMLES,MAHSEAMLES,MAHSEAMLES.NS,Basic Materials
MANAPPURAM,MANAPPURAM,MANAPPURAM.NS,Financial Services
MARICO,MARICO,MARICO.NS,Consumer Defensive
MARUTI,MARUTI,MARUTI.NS,Consumer Cyclical
MASFIN,MASFIN,MASFIN.NS,Financial Services
MAXHEALTH,MAXHEALTH,MAXHEALTH.NS,Healthcare
MAZDOCK,MAZDOCK,MAZDOCK.NS,Industrials
MCX,MCX,MCX.NS,Financial Services
METROPOLIS,METROPOLIS,METROPOLIS.NS,Healthcare
MFSL,MFSL,MFSL.NS,Financial Services
MGL,MGL,MGL.NS,Utilities
MHRIL,MHRIL,MHRIL.NS,Consumer Cyclical
MIDHANI,MIDHANI,MIDHANI.NS,Basic Materials
MINDACORP,MINDACORP,MINDACORP.NS,Consumer Cyclical
MMTC,MMTC,MMTC.NS,Industrials
MOIL,MOIL,MOIL.NS,Basic Materials
MOTHERSON,MOTHERSON,MOTHERSON.NS,Consumer Cyclical
MOTILALOFS,MOTILALOFS,MOTILALOFS.NS,Financial Services
MPHASIS,MPHASIS,MPHASIS.NS,Technology
MRF,MRF,MRF.NS,Consumer Cyclical
MRPL,MRPL,MRPL.NS,Energy
MUTHOOTFIN,MUTHOOTFIN,MUTHOOTFIN.NS,Financial Services
NAM-INDIA,NAM-INDIA,NAM-INDIA.NS,Financial Services
NATCOPHARM,NATCOPHARM,NATCOPHARM.NS,Healthcare
NATIONALUM,NATIONALUM,NATIONALUM.NS,Basic Materials
NAUKRI,NAUKRI,NAUKRI.NS,Communication Services
NAVINFLUOR,NAVINFLUOR,NAVINFLUOR.NS,Basic Materials
NBCC,NBCC,NBCC.NS,Industrials
NCC,NCC,NCC.NS,Industrials
NESCO,NESCO,NESCO.NS,Industrials
NESTLEIND,NESTLEIND,NESTLEIND.NS,Consumer Defensive
NETWORK18,NETWORK18,NETWORK18.NS,Communication Services
NFL,NFL,NFL.NS,Basic Materials
NH,NH,NH.NS,Healthcare
NHPC,NHPC,NHPC.NS,Utilities
NIACL,NIACL,NIACL.NS,Financial Services
NILKAMAL,NILKAMAL,NILKAMAL.NS,Consumer Cyclical
NLCINDIA,NLCINDIA,NLCINDIA.NS,Utilities
NMDC,NMDC,NMDC.NS,Basic Materials
NOCIL,NOCIL,NOCIL.NS,Basic Materials
NTPC,NTPC,NTPC.NS,Utilities
OBEROIRLTY,OBEROIRLTY,OBEROIRLTY.NS,Real Estate
OFSS,OFSS,OFSS.NS,Technology
OIL,OIL,OIL.NS,Energy
ONGC,ONGC,ONGC.NS,Energy
ORIENTELEC,ORIENTELEC,ORIENTELEC.NS,Consumer Cyclical
PAGEIND,PAGEIND,PAGEIND.NS,Consumer Cyclical
PEL,PEL,PEL.NS,Unknown
PERSISTENT,PERSISTENT,PERSISTENT.NS,Technology
PETRONET,PETRONET,PETRONET.NS,Energy
PFC,PFC,PFC.NS,Financial Services
PFIZER,PFIZER,PFIZER.NS,Healthcare
PGHH,PGHH,PGHH.NS,Consumer Defensive
PGHL,PGHL,PGHL.NS,Healthcare
PHOENIXLTD,PHOENIXLTD,PHOENIXLTD.NS,Real Estate
PIDILITIND,PIDILITIND,PIDILITIND.NS,Basic Materials
PIIND,PIIND,PIIND.NS,Basic Materials
PNB,PNB,PNB.NS,Financial Services
PNBHOUSING,PNBHOUSING,PNBHOUSING.NS,Financial Services
PNCINFRA,PNCINFRA,PNCINFRA.NS,Industrials
POLYCAB,POLYCAB,POLYCAB.NS,Industrials
POLYMED,POLYMED,POLYMED.NS,Healthcare
POLYPLEX,POLYPLEX,POLYPLEX.NS,Basic Materials
POWERGRID,POWERGRID,POWERGRID.NS,Utilities
POWERINDIA,POWERINDIA,POWERINDIA.NS,Industrials
PRESTIGE,PRESTIGE,PRESTIGE.NS,Real Estate
PRINCEPIPE,PRINCEPIPE,PRINCEPIPE.NS,Industrials
PRSMJOHNSN,PRSMJOHNSN,PRSMJOHNSN.NS,Basic Materials
QUESS,QUESS,QUESS.NS,Industrials
RADICO,RADICO,RADICO.NS,Consumer Defensive
RAIN,RAIN,RAIN.NS,Basic Materials
RAJESHEXPO,RAJESHEXPO,RAJESHEXPO.NS,Consumer Cyclical
RALLIS,RALLIS,RALLIS.NS,Basic Materials
RAMCOCEM,RAMCOCEM,RAMCOCEM.NS,Basic Materials
RATNAMANI,RATNAMANI,RATNAMANI.NS,Basic Materials
RAYMOND,RAYMOND,RAYMOND.NS,Industrials
RBLBANK,RBLBANK,RBLBANK.NS,Financial Services
RCF,RCF,RCF.NS,Basic Materials
RECLTD,RECLTD,RECLTD.NS,Financial Services
REDINGTON,REDINGTON,REDINGTON.NS,Technology
RELAXO,RELAXO,RELAXO.NS,Consumer Cyclical
RELIANCE,RELIANCE,RELIANCE.NS,Energy
RESPONIND,RESPONIND,RESPONIND.NS,Basic Materials
RITES,RITES,RITES.NS,Industrials
ROSSARI,ROSSARI,ROSSARI.NS,Basic Materials
ROUTE,ROUTE,ROUTE.NS,Communication Services
RVNL,RVNL,RVNL.NS,Industrials
SAIL,SAIL,SAIL.NS,Basic Materials
SANOFI,SANOFI,SANOFI.NS,Healthcare
SBICARD,SBICARD,SBICARD.NS,Financial Services
SBILIFE,SBILIFE,SBILIFE.NS,Financial Services
SBIN,SBIN,SBIN.NS,Financial Services
SCHAEFFLER,SCHAEFFLER,SCHAEFFLER.NS,Consumer Cyclical
SCHNEIDER,SCHNEIDER,SCHNEIDER.NS,Industrials
SCI,SCI,SCI.NS,Industrials
SEQUENT,SEQUENT,SEQUENT.NS,Healthcare
SFL,SFL,SFL.NS,Consumer Cyclical
SHARDACROP,SHARDACROP,SHARDACROP.NS,Basic Materials
SHILPAMED,SHILPAMED,SHILPAMED.NS,Healthcare
SHOPERSTOP,SHOPERSTOP,SHOPERSTOP.NS,Consumer Cyclical
SHREECEM,SHREECEM,SHREECEM.NS,Basic Materials
SHRIRAMFIN,SHRIRAMFIN,SHRIRAMFIN.NS,Financial Services
SIEMENS,SIEMENS,SIEMENS.NS,Industrials
SIS,SIS,SIS.NS,Industrials
SJVN,SJVN,SJVN.NS,Utilities
SKFINDIA,SKFINDIA,SKFINDIA.NS,Industrials
SOBHA,SOBHA,SOBHA.NS,Real Estate
SOLARA,SOLARA,SOLARA.NS,Healthcare
SOLARINDS,SOLARINDS,SOLARINDS.NS,Basic Materials
SONATSOFTW,SONATSOFTW,SONATSOFTW.NS,Technology
SPANDANA,SPANDANA,SPANDANA.NS,Financial Services
SPARC,SPARC,SPARC.NS,Healthcare
SRF,SRF,SRF.NS,Industrials
STAR,STAR,STAR.NS,Healthcare
STARCEMENT,STARCEMENT,STARCEMENT.NS,Basic Materials
STLTECH,STLTECH,STLTECH.NS,Technology
SUDARSCHEM,SUDARSCHEM,SUDARSCHEM.NS,Basic Materials
SUMICHEM,SUMICHEM,SUMICHEM.NS,Basic Materials
SUNDARMFIN,SUNDARMFIN,SUNDARMFIN.NS,Financial Services
SUNDRMFAST,SUNDRMFAST,SUNDRMFAST.NS,Consumer Cyclical
SUNPHARMA,SUNPHARMA,SUNPHARMA.NS,Healthcare
SUNTECK,SUNTECK,SUNTECK.NS,Real Estate
SUNTV,SUNTV,SUNTV.NS,Communication Services
SUPRAJIT,SUPRAJIT,SUPRAJIT.NS,Consumer Cyclical
SUPREMEIND,SUPREMEIND,SUPREMEIND.NS,Industrials
SUZLON,SUZLON,SUZLON.NS,Industrials
SWSOLAR,SWSOLAR,SWSOLAR.NS,Technology
SYMPHONY,SYMPHONY,SYMPHONY.NS,Consumer Cyclical
SYNGENE,SYNGENE,SYNGENE.NS,Healthcare
TANLA,TANLA,TANLA.NS,Technology
TASTYBITE,TASTYBITE,TASTYBITE.NS,Consumer Defensive
TATACHEM,TATACHEM,TATACHEM.NS,Basic Materials
TATACOMM,TATACOMM,TATACOMM.NS,Communication Services
TATACONSUM,TATACONSUM,TATACONSUM.NS,Consumer Defensive
TATAELXSI,TATAELXSI,TATAELXSI.NS,Technology
TATAINVEST,TATAINVEST,TATAINVEST.NS,Financial Services
TATAMOTORS,TATAMOTORS,TATAMOTORS.NS,Consumer Cyclical
TATAPOWER,TATAPOWER,TATAPOWER.NS,Utilities
TATASTEEL,TATASTEEL,TATASTEEL.NS,Basic Materials
TCIEXP,TCIEXP,TCIEXP.NS,Industrials
TCS,TCS,TCS.NS,Technology
TEAMLEASE,TEAMLEASE,TEAMLEASE.NS,Industrials
TECHM,TECHM,TECHM.NS,Technology
THERMAX,THERMAX,THERMAX.NS,Industrials
THYROCARE,THYROCARE,THYROCARE.NS,Healthcare
TIINDIA,TIINDIA,TIINDIA.NS,Industrials
TIMKEN,TIMKEN,TIMKEN.NS,Industrials
TITAN,TITAN,TITAN.NS,Consumer Cyclical
TORNTPHARM,TORNTPHARM,TORNTPHARM.NS,Healthcare
TORNTPOWER,TORNTPOWER,TORNTPOWER.NS,Utilities
TRENT,TRENT,TRENT.NS,Consumer Cyclical
TRIDENT,TRIDENT,TRIDENT.NS,Consumer Cyclical
TRITURBINE,TRITURBINE,TRITURBINE.NS,Industrials
TTKPRESTIG,TTKPRESTIG,TTKPRESTIG.NS,Consumer Cyclical
TVSMOTOR,TVSMOTOR,TVSMOTOR.NS,Consumer Cyclical
UBL,UBL,UBL.NS,Consumer Defensive
UCOBANK,UCOBANK,UCOBANK.NS,Financial Services
UFLEX,UFLEX,UFLEX.NS,Consumer Cyclical
UJJIVANSFB,UJJIVANSFB,UJJIVANSFB.NS,Financial Services
ULTRACEMCO,ULTRACEMCO,ULTRACEMCO.NS,Basic Materials
UNIONBANK,UNIONBANK,UNIONBANK.NS,Financial Services
UPL,UPL,UPL.NS,Basic Materials
UTIAMC,UTIAMC,UTIAMC.NS,Financial Services
VAIBHAVGBL,VAIBHAVGBL,VAIBHAVGBL.NS,Consumer Cyclical
VAKRANGEE,VAKRANGEE,VAKRANGEE.NS,Technology
VALIANTORG,VALIANTORG,VALIANTORG.NS,Basic Materials
VARROC,VARROC,VARROC.NS,Consumer Cyclical
VBL,VBL,VBL.NS,Consumer Defensive
VEDL,VEDL,VEDL.NS,Basic Materials
VENKEYS,VENKEYS,VENKEYS.NS,Consumer Defensive
VGUARD,VGUARD,VGUARD.NS,Industrials
VINATIORGA,VINATIORGA,VINATIORGA.NS,Basic Materials
VIPIND,VIPIND,VIPIND.NS,Consumer Cyclical
VMART,VMART,VMART.NS,Consumer Cyclical
VOLTAS,VOLTAS,VOLTAS.NS,Consumer Cyclical
VSTIND,VSTIND,VSTIND.NS,Consumer Defensive
VTL,VTL,VTL.NS,Consumer Cyclical
WELCORP,WELCORP,WELCORP.NS,Basic Materials
WESTLIFE,WESTLIFE,WESTLIFE.NS,Consumer Cyclical
WHIRLPOOL,WHIRLPOOL,WHIRLPOOL.NS,Consumer Cyclical
WIPRO,WIPRO,WIPRO.NS,Technology
WOCKPHARMA,WOCKPHARMA,WOCKPHARMA.NS,Healthcare
YESBANK,YESBANK,YESBANK.NS,Financial Services
ZEEL,ZEEL,ZEEL.NS,Communication Services
ZENSARTECH,ZENSARTECH,ZENSARTECH.NS,Technology
ZYDUSLIFE,ZYDUSLIFE,ZYDUSLIFE.NS,Healthcare
ZYDUSWELL,ZYDUSWELL,ZYDUSWELL.NS,Consumer Defensive
